name,BR_x,BR_y,BL_x,BL_y,TL_x,TL_y,TR_x,TR_y
000.jpg,0.76939,0.49377,0.34653,0.52553,0.34681,0.44159,0.76783,0.41641
001.jpg,0.74015,0.49268,0.30083,0.49211,0.29437,0.41688,0.73152,0.41818
002.jpg,0.67691,0.44279,0.31591,0.43612,0.30671,0.37218,0.66088,0.38114
003.jpg,0.57747,0.35731,0.31017,0.37161,0.31441,0.30724,0.59002,0.29462
004.jpg,0.61860,0.43951,0.35572,0.43925,0.34937,0.39451,0.60838,0.39874
005.jpg,0.57505,0.51228,0.28256,0.52330,0.27538,0.45344,0.56833,0.44493
006.jpg,0.60247,0.46876,0.34964,0.46061,0.34320,0.41871,0.58909,0.42914
007.jpg,0.58585,0.49996,0.31227,0.50117,0.30924,0.44287,0.57649,0.44620
008.jpg,0.58288,0.49103,0.28801,0.48965,0.28741,0.43412,0.58157,0.43332
009.jpg,0.67523,0.45559,0.37103,0.44314,0.36102,0.38937,0.66006,0.40308
010.jpg,0.58528,0.37678,0.30454,0.39604,0.30837,0.33998,0.57628,0.33345
011.jpg,0.49089,0.47452,0.16848,0.47859,0.16804,0.42427,0.47671,0.41735
012.jpg,0.67544,0.46158,0.39361,0.46820,0.39642,0.41662,0.67182,0.40843
013.jpg,0.71765,0.45289,0.43482,0.45012,0.43110,0.40267,0.71549,0.39685
014.jpg,0.68121,0.50833,0.37850,0.49018,0.36777,0.43813,0.67308,0.45386
015.jpg,0.52162,0.39471,0.24867,0.37658,0.23974,0.32819,0.51093,0.33805
016.jpg,0.71304,0.47773,0.32064,0.47126,0.31301,0.40466,0.70359,0.41029
017.jpg,0.75386,0.45747,0.38509,0.44875,0.37981,0.39017,0.73916,0.39956
018.jpg,0.63678,0.48731,0.29985,0.48594,0.29470,0.42452,0.63079,0.42918
019.jpg,0.52054,0.33376,0.15892,0.33032,0.14886,0.26528,0.50393,0.28076
020.jpg,0.80064,0.53070,0.47118,0.52714,0.46703,0.45892,0.79974,0.46509
021.jpg,0.63545,0.52583,0.39831,0.50552,0.39077,0.45515,0.62557,0.46721
022.jpg,0.64063,0.46680,0.39058,0.46981,0.38661,0.40960,0.65071,0.40494
023.jpg,0.62150,0.49371,0.33887,0.47837,0.33337,0.42688,0.61469,0.43948
024.jpg,0.57797,0.47676,0.34716,0.47902,0.34760,0.43613,0.57423,0.43476
025.jpg,0.81758,0.48825,0.27390,0.47910,0.25884,0.40751,0.80362,0.41096
026.jpg,0.63159,0.48535,0.25134,0.51284,0.24606,0.43090,0.63366,0.40564
027.jpg,0.73654,0.49213,0.37138,0.46891,0.36237,0.40902,0.72114,0.43085
028.jpg,0.80725,0.47768,0.29914,0.49678,0.29653,0.40129,0.80810,0.38921
029.jpg,0.72859,0.56612,0.43325,0.51828,0.42804,0.47311,0.72503,0.51313
030.jpg,0.53647,0.47703,0.25972,0.49549,0.25604,0.43574,0.53457,0.42419
031.jpg,0.60111,0.48134,0.30674,0.47260,0.30697,0.42602,0.60277,0.42892
032.jpg,0.64676,0.45170,0.36026,0.45036,0.35438,0.40444,0.63242,0.40594
033.jpg,0.68947,0.50084,0.39846,0.47144,0.39475,0.40720,0.67590,0.43505
034.jpg,0.59485,0.35806,0.37245,0.35026,0.36966,0.31681,0.58588,0.31768
035.jpg,0.62217,0.47611,0.29653,0.47339,0.29521,0.42161,0.61683,0.42476
036.jpg,0.64296,0.45528,0.35537,0.45732,0.35683,0.40786,0.64505,0.40551
037.jpg,0.68792,0.52289,0.37518,0.52652,0.37615,0.46718,0.68321,0.46170
038.jpg,0.63166,0.49720,0.39861,0.48290,0.39075,0.44105,0.62251,0.45597
039.jpg,0.59643,0.48601,0.26137,0.49020,0.25247,0.42770,0.58762,0.42072
040.jpg,0.82370,0.52688,0.43521,0.51585,0.43157,0.45197,0.81779,0.46274
041.jpg,0.83349,0.48513,0.54174,0.48391,0.54026,0.43174,0.83363,0.42972
042.jpg,0.56332,0.49666,0.35608,0.49848,0.34947,0.45050,0.55930,0.44838
043.jpg,0.69068,0.40909,0.44025,0.42900,0.43061,0.37962,0.68868,0.34957
044.jpg,0.65210,0.61672,0.28576,0.62099,0.28820,0.54672,0.63548,0.56662
045.jpg,0.62401,0.49533,0.39199,0.45520,0.38109,0.39547,0.61255,0.43877
046.jpg,0.58051,0.45973,0.30308,0.43397,0.29692,0.38992,0.57071,0.40791
047.jpg,0.68622,0.52835,0.29481,0.51923,0.28762,0.45415,0.67556,0.46336
048.jpg,0.63951,0.49465,0.40490,0.50011,0.39909,0.45294,0.62774,0.44854
049.jpg,0.65378,0.48591,0.31959,0.48542,0.32035,0.42517,0.64648,0.42621
050.jpg,0.64171,0.48326,0.34182,0.47861,0.34035,0.42351,0.64314,0.43052
051.jpg,0.68151,0.38560,0.32261,0.38199,0.31514,0.31383,0.67741,0.32225
052.jpg,0.82022,0.44308,0.52134,0.44628,0.51036,0.39586,0.81410,0.39403
053.jpg,0.70391,0.46640,0.36863,0.46335,0.36386,0.41387,0.69551,0.41828
054.jpg,0.64808,0.47798,0.36791,0.46893,0.36287,0.41219,0.65092,0.42146
055.jpg,0.60474,0.48119,0.30018,0.48220,0.30020,0.43219,0.60161,0.42641
056.jpg,0.65283,0.50057,0.28991,0.42081,0.27692,0.35110,0.63833,0.42658
057.jpg,0.61881,0.46582,0.24534,0.42838,0.23898,0.36448,0.60076,0.39811
058.jpg,0.68472,0.44734,0.32920,0.43199,0.32531,0.37060,0.67206,0.37912
059.jpg,0.67543,0.49508,0.30694,0.49220,0.30262,0.42523,0.66703,0.43336
060.jpg,0.62840,0.51823,0.42156,0.51882,0.41424,0.47827,0.62082,0.47426
061.jpg,0.69120,0.50806,0.39441,0.47831,0.37279,0.42705,0.68160,0.45562
062.jpg,0.68616,0.50714,0.38414,0.51844,0.37911,0.47122,0.68313,0.45963
063.jpg,0.63079,0.47886,0.29477,0.46966,0.28969,0.41285,0.62271,0.41785
064.jpg,0.73865,0.46930,0.47719,0.46956,0.47963,0.42068,0.74455,0.41256
065.jpg,0.50930,0.51240,0.24417,0.49634,0.23185,0.44893,0.50254,0.46963
066.jpg,0.69139,0.43929,0.49106,0.43603,0.48923,0.40230,0.69533,0.40048
067.jpg,0.80323,0.49529,0.47804,0.51522,0.47753,0.45200,0.78735,0.43122
068.jpg,0.61925,0.51202,0.32259,0.49759,0.31847,0.45294,0.60687,0.45684
069.jpg,0.65069,0.47535,0.32286,0.47164,0.31852,0.41864,0.64780,0.42339
070.jpg,0.49407,0.35777,0.29903,0.34977,0.29501,0.31185,0.48408,0.30884
071.jpg,0.64698,0.51718,0.31308,0.51640,0.30833,0.46851,0.64073,0.45959
072.jpg,0.63937,0.44126,0.40181,0.44250,0.39579,0.39351,0.63988,0.38479
073.jpg,0.57988,0.46020,0.29140,0.46589,0.28964,0.41400,0.57106,0.40543
074.jpg,0.59229,0.42049,0.38115,0.41572,0.37783,0.37423,0.59065,0.38165
075.jpg,0.82787,0.50072,0.19798,0.51936,0.19178,0.41008,0.81847,0.40130
076.jpg,0.62320,0.46571,0.31604,0.46149,0.30729,0.39859,0.61136,0.40391
077.jpg,0.62849,0.49574,0.32326,0.48979,0.31410,0.42746,0.62032,0.43633
078.jpg,0.61402,0.45383,0.42058,0.46164,0.41588,0.42835,0.60892,0.41650
079.jpg,0.70164,0.53033,0.48213,0.52627,0.47833,0.47972,0.70860,0.48450
080.jpg,0.56019,0.44328,0.34372,0.43593,0.34205,0.39629,0.55517,0.40196
081.jpg,0.67835,0.44398,0.42468,0.44351,0.42078,0.40359,0.67092,0.40254
082.jpg,0.65765,0.51264,0.35120,0.48929,0.34259,0.42769,0.63822,0.44888
083.jpg,0.66126,0.39781,0.26739,0.40370,0.27049,0.33849,0.66368,0.33402
084.jpg,0.69552,0.45907,0.36225,0.46659,0.35957,0.41047,0.69127,0.40314
085.jpg,0.67901,0.50669,0.27458,0.46513,0.26158,0.39879,0.65961,0.43478
086.jpg,0.71047,0.49960,0.41527,0.49010,0.40845,0.43958,0.70048,0.45021
087.jpg,0.72873,0.44689,0.37452,0.43572,0.37821,0.38381,0.72513,0.38390
088.jpg,0.68939,0.45088,0.22147,0.44587,0.21768,0.37258,0.67987,0.37378
089.jpg,0.53145,0.43213,0.28272,0.43346,0.27365,0.38608,0.53115,0.38484
090.jpg,0.70268,0.47642,0.42919,0.46302,0.43034,0.41253,0.69531,0.42252
091.jpg,0.71381,0.41447,0.42273,0.40774,0.41946,0.35026,0.70544,0.35758
092.jpg,0.69190,0.47470,0.37429,0.45566,0.36261,0.40667,0.67745,0.42627
093.jpg,0.75251,0.46525,0.48870,0.46551,0.48735,0.41051,0.75985,0.40912
094.jpg,0.75329,0.50490,0.27341,0.50879,0.26739,0.42822,0.75237,0.42789
095.jpg,0.52979,0.40816,0.28667,0.41028,0.28363,0.36862,0.52747,0.37150
096.jpg,0.56167,0.46465,0.27303,0.45788,0.26469,0.41450,0.56140,0.41543
097.jpg,0.56035,0.36953,0.19804,0.38540,0.19169,0.30994,0.55498,0.29737
098.jpg,0.59681,0.41864,0.31073,0.41338,0.30771,0.36381,0.59826,0.36284
099.jpg,0.78413,0.51690,0.33534,0.50743,0.32646,0.44247,0.77901,0.43662
100.jpg,0.71688,0.49636,0.34746,0.52165,0.33792,0.44993,0.71766,0.43415
101.jpg,0.57644,0.56670,0.37979,0.57675,0.38162,0.53598,0.58850,0.52702
102.jpg,0.68150,0.42170,0.43827,0.41890,0.43781,0.38769,0.67683,0.38330
103.jpg,0.67671,0.51309,0.40125,0.54343,0.40114,0.49414,0.68351,0.46079
104.jpg,0.72986,0.50089,0.28778,0.48962,0.27538,0.41918,0.71616,0.43180
105.jpg,0.54204,0.46739,0.29186,0.47496,0.28323,0.42714,0.53448,0.42318
106.jpg,0.66802,0.41289,0.43630,0.41386,0.43691,0.37840,0.66607,0.36885
107.jpg,0.73297,0.56762,0.41298,0.51477,0.40673,0.44815,0.71367,0.50212
108.jpg,0.52324,0.46840,0.32444,0.45340,0.32145,0.42032,0.51730,0.42984
109.jpg,0.59260,0.46616,0.35844,0.46551,0.35533,0.42744,0.58757,0.42774
110.jpg,0.75473,0.48938,0.31588,0.50051,0.31365,0.42224,0.74973,0.41805
111.jpg,0.59075,0.55337,0.22677,0.56653,0.22989,0.51082,0.57981,0.49974
112.jpg,0.70928,0.55888,0.38669,0.53012,0.38087,0.48697,0.69863,0.50587
113.jpg,0.79211,0.40456,0.43830,0.39816,0.42665,0.33763,0.77930,0.34932
114.jpg,0.60181,0.57571,0.31985,0.56160,0.30736,0.51366,0.60115,0.51631
115.jpg,0.55656,0.49299,0.27808,0.49380,0.27350,0.44114,0.54935,0.44414
116.jpg,0.80613,0.49981,0.55472,0.51302,0.55405,0.45529,0.80690,0.45247
117.jpg,0.58133,0.47791,0.36130,0.45573,0.35254,0.41411,0.57119,0.43516
118.jpg,0.71351,0.53089,0.44967,0.49289,0.44147,0.43646,0.70707,0.47664
119.jpg,0.59479,0.55060,0.25377,0.56235,0.25374,0.50661,0.59156,0.49125
120.jpg,0.47922,0.33360,0.17740,0.34602,0.17055,0.27712,0.47070,0.27916
121.jpg,0.57212,0.45967,0.19465,0.46117,0.19131,0.40471,0.56587,0.39827
122.jpg,0.70190,0.52833,0.42801,0.49343,0.42295,0.43962,0.68820,0.47524
123.jpg,0.68922,0.50190,0.39518,0.49468,0.38369,0.43716,0.68172,0.44723
124.jpg,0.67892,0.50199,0.38091,0.50333,0.37470,0.45260,0.67185,0.45024
125.jpg,0.79908,0.50178,0.28338,0.47517,0.26815,0.39634,0.79037,0.42256
126.jpg,0.65694,0.55298,0.37854,0.56240,0.37394,0.52029,0.65760,0.50115
127.jpg,0.71191,0.43192,0.41724,0.43091,0.41393,0.37744,0.70725,0.38743
128.jpg,0.60105,0.52536,0.36253,0.52601,0.35782,0.48207,0.60352,0.47732
129.jpg,0.67903,0.47982,0.44617,0.47831,0.44202,0.43216,0.67464,0.44020
130.jpg,0.67986,0.47879,0.42074,0.48125,0.42287,0.43573,0.68425,0.43548
131.jpg,0.52797,0.48636,0.30137,0.49266,0.29445,0.43953,0.52510,0.43297
132.jpg,0.68690,0.51512,0.33210,0.48880,0.32267,0.43210,0.67410,0.45719
133.jpg,0.47953,0.36140,0.15118,0.37573,0.14334,0.31225,0.47863,0.30049
134.jpg,0.72304,0.46564,0.43170,0.46682,0.42922,0.40901,0.72009,0.40946
135.jpg,0.60672,0.46462,0.20507,0.49396,0.20270,0.42830,0.60971,0.40221
136.jpg,0.69114,0.43389,0.43934,0.42944,0.43609,0.38720,0.68489,0.38592
137.jpg,0.75667,0.54361,0.25698,0.53178,0.25275,0.45944,0.74988,0.46534
138.jpg,0.77444,0.41936,0.40495,0.39449,0.39645,0.33984,0.76387,0.35745
139.jpg,0.78189,0.48705,0.24767,0.47287,0.23298,0.40445,0.76657,0.41927
140.jpg,0.76575,0.47390,0.42382,0.48466,0.42527,0.41257,0.76724,0.41202
141.jpg,0.68550,0.50645,0.26637,0.50629,0.25745,0.42804,0.68066,0.43394
142.jpg,0.64679,0.38034,0.38426,0.36233,0.38064,0.32227,0.64103,0.33301
143.jpg,0.67788,0.49149,0.29882,0.49376,0.28968,0.41923,0.67025,0.41921
144.jpg,0.58482,0.46387,0.30210,0.45500,0.30421,0.40775,0.58409,0.41739
145.jpg,0.61058,0.47670,0.31104,0.48299,0.31085,0.42915,0.60651,0.42564
146.jpg,0.53702,0.41031,0.20950,0.39198,0.20295,0.33828,0.52517,0.33889
147.jpg,0.70453,0.40529,0.36400,0.41459,0.36295,0.35950,0.69838,0.35213
148.jpg,0.56012,0.42347,0.21573,0.40737,0.21005,0.34756,0.54890,0.35406
149.jpg,0.58426,0.51442,0.28786,0.52734,0.28670,0.47505,0.57652,0.46168
150.jpg,0.67805,0.47306,0.44594,0.46522,0.44926,0.41886,0.66983,0.42554
151.jpg,0.72997,0.44405,0.52043,0.43411,0.52260,0.39222,0.72525,0.39439
152.jpg,0.83158,0.41186,0.51734,0.40674,0.50804,0.35473,0.82707,0.35698
153.jpg,0.67375,0.50471,0.33323,0.47922,0.31980,0.42640,0.65917,0.44805
154.jpg,0.59803,0.48105,0.41084,0.48208,0.40925,0.43747,0.59545,0.43726
155.jpg,0.77472,0.47925,0.38599,0.46637,0.37642,0.40434,0.76602,0.41358
156.jpg,0.72093,0.49502,0.35024,0.48442,0.34134,0.42868,0.70881,0.43611
157.jpg,0.51419,0.43444,0.25636,0.42341,0.25209,0.37408,0.50941,0.37924
158.jpg,0.84111,0.40708,0.58069,0.40435,0.58377,0.35289,0.83959,0.35343
159.jpg,0.73892,0.52112,0.54156,0.51761,0.53697,0.48607,0.74363,0.48209
160.jpg,0.61155,0.42865,0.29162,0.41173,0.28323,0.35055,0.61082,0.36239
161.jpg,0.62889,0.49305,0.33616,0.50284,0.34127,0.45141,0.63102,0.43860
162.jpg,0.68678,0.42253,0.43678,0.41461,0.43811,0.37081,0.68122,0.37512
163.jpg,0.68240,0.46508,0.45722,0.46928,0.45837,0.43374,0.68477,0.42794
164.jpg,0.64768,0.40835,0.32037,0.41717,0.32173,0.34661,0.64642,0.34652
165.jpg,0.71372,0.46966,0.33731,0.45739,0.32960,0.40165,0.69838,0.41157
166.jpg,0.71583,0.32625,0.35333,0.33763,0.34774,0.27542,0.71076,0.26240
167.jpg,0.66579,0.49850,0.38082,0.49476,0.37246,0.44450,0.65651,0.45612
168.jpg,0.74555,0.32498,0.50674,0.32409,0.50736,0.27909,0.74307,0.27843
169.jpg,0.63410,0.60956,0.29233,0.58300,0.28536,0.52355,0.61735,0.55667
170.jpg,0.68555,0.33098,0.43049,0.34917,0.43182,0.29830,0.68641,0.28329
171.jpg,0.61907,0.50756,0.26588,0.51393,0.25832,0.45749,0.60824,0.44864
172.jpg,0.78408,0.52474,0.34676,0.53644,0.35269,0.46295,0.78081,0.45737
173.jpg,0.63427,0.61880,0.30067,0.61933,0.29833,0.54497,0.62341,0.54740
174.jpg,0.71483,0.46347,0.37065,0.48977,0.37268,0.42892,0.70867,0.40361
175.jpg,0.77510,0.30912,0.54053,0.30562,0.53287,0.25613,0.78147,0.25675
176.jpg,0.57429,0.51913,0.39204,0.51359,0.39009,0.47562,0.56705,0.47707
177.jpg,0.86980,0.49905,0.59839,0.50575,0.59574,0.44518,0.86474,0.42502
178.jpg,0.65222,0.57381,0.23830,0.58351,0.23277,0.51517,0.63704,0.51115
179.jpg,0.60678,0.47540,0.33615,0.46593,0.33028,0.41740,0.59952,0.42794
180.jpg,0.70870,0.53666,0.40955,0.51007,0.40016,0.45285,0.69062,0.47986
181.jpg,0.51765,0.40372,0.27027,0.41563,0.26951,0.36116,0.52044,0.36367
182.jpg,0.58329,0.50257,0.23947,0.51894,0.23723,0.45326,0.57425,0.43494
183.jpg,0.70981,0.50534,0.40332,0.49350,0.39788,0.44012,0.70517,0.45395
184.jpg,0.62779,0.55369,0.27340,0.53475,0.26404,0.47150,0.61490,0.49053
185.jpg,0.63543,0.43961,0.42700,0.43251,0.42474,0.39364,0.63183,0.39678
186.jpg,0.62326,0.50106,0.36908,0.52714,0.37232,0.47723,0.62783,0.44777
187.jpg,0.68273,0.47503,0.32137,0.47570,0.32334,0.41060,0.68764,0.40702
188.jpg,0.63838,0.48508,0.43409,0.47860,0.43207,0.43539,0.63863,0.44227
189.jpg,0.50509,0.49649,0.12314,0.49943,0.12142,0.43920,0.46957,0.43802
190.jpg,0.82145,0.31646,0.61846,0.31472,0.59926,0.26461,0.82913,0.27861
191.jpg,0.63407,0.49015,0.31011,0.47257,0.30136,0.41804,0.62428,0.43303
192.jpg,0.63781,0.52264,0.37431,0.51614,0.36771,0.46950,0.63099,0.47063
193.jpg,0.57616,0.36343,0.29324,0.35129,0.28701,0.30303,0.56690,0.31129
194.jpg,0.64491,0.42725,0.38625,0.41935,0.38741,0.38047,0.63597,0.38790
195.jpg,0.69867,0.52176,0.36318,0.51212,0.36341,0.45784,0.69265,0.46370
196.jpg,0.64105,0.57927,0.37814,0.54890,0.37037,0.50277,0.63601,0.52375
197.jpg,0.61463,0.51426,0.27923,0.51602,0.27585,0.46089,0.60459,0.46216
198.jpg,0.66697,0.49625,0.31947,0.45778,0.30906,0.39999,0.65156,0.43167
199.jpg,0.51548,0.37045,0.25758,0.35558,0.24929,0.31250,0.50765,0.32070
200.jpg,0.67217,0.50201,0.33779,0.49321,0.32557,0.43824,0.67031,0.44009
201.jpg,0.85861,0.30733,0.64853,0.31431,0.62859,0.24343,0.86706,0.26230
202.jpg,0.71306,0.48486,0.32340,0.46763,0.31410,0.40091,0.70028,0.42092
203.jpg,0.73299,0.55323,0.33770,0.53951,0.33740,0.48129,0.73318,0.49042
204.jpg,0.62568,0.50585,0.26976,0.51351,0.26168,0.45585,0.61878,0.44477
205.jpg,0.69481,0.46699,0.38284,0.44626,0.37046,0.39655,0.68208,0.41651
206.jpg,0.64163,0.50574,0.30306,0.51051,0.29318,0.44497,0.63545,0.44501
207.jpg,0.80723,0.56481,0.54161,0.52585,0.52345,0.47686,0.80526,0.51103
208.jpg,0.59781,0.49398,0.33150,0.49846,0.33052,0.45646,0.59386,0.44859
209.jpg,0.70023,0.53672,0.33180,0.53104,0.33067,0.48322,0.69455,0.47750
210.jpg,0.68728,0.44697,0.41086,0.39173,0.40566,0.33668,0.65804,0.39292
211.jpg,0.61716,0.39922,0.36433,0.38946,0.35698,0.34310,0.61100,0.35452
212.jpg,0.63041,0.36662,0.31832,0.34004,0.31223,0.28394,0.60523,0.30950
213.jpg,0.64295,0.50020,0.39254,0.48700,0.38812,0.44087,0.63084,0.45380
214.jpg,0.73208,0.51380,0.20870,0.49434,0.19866,0.42443,0.71912,0.43835
215.jpg,0.65883,0.40182,0.36228,0.38901,0.35958,0.33081,0.65107,0.34334
216.jpg,0.74235,0.41462,0.51568,0.40783,0.50718,0.36220,0.73573,0.37205
217.jpg,0.81151,0.46217,0.44033,0.49313,0.44539,0.42656,0.80643,0.38901
218.jpg,0.71608,0.42006,0.26923,0.41992,0.26209,0.34382,0.71190,0.34972
219.jpg,0.80844,0.47878,0.37639,0.47271,0.36919,0.40390,0.80240,0.40295
220.jpg,0.67135,0.51718,0.42502,0.50852,0.42886,0.46485,0.66772,0.46359
221.jpg,0.72399,0.47002,0.49566,0.45868,0.49355,0.40813,0.72206,0.41759
222.jpg,0.70041,0.57167,0.28983,0.52780,0.27672,0.46060,0.68605,0.50684
223.jpg,0.66836,0.49300,0.36486,0.46252,0.35469,0.40802,0.65231,0.43915
224.jpg,0.55591,0.51286,0.22982,0.48827,0.22468,0.43014,0.53353,0.44986
225.jpg,0.66321,0.47820,0.41170,0.47927,0.41233,0.42833,0.66079,0.42987
226.jpg,0.71054,0.55193,0.30533,0.54965,0.30547,0.48910,0.70806,0.48722
227.jpg,0.66872,0.49603,0.37641,0.48587,0.37041,0.42071,0.65932,0.43207
228.jpg,0.81197,0.36941,0.43531,0.37168,0.42839,0.29862,0.80054,0.30993
229.jpg,0.64304,0.61652,0.36845,0.61078,0.36782,0.55581,0.63875,0.58680
230.jpg,0.63419,0.45513,0.32427,0.46691,0.31543,0.41144,0.62872,0.40763
231.jpg,0.52559,0.51101,0.25756,0.50149,0.25164,0.45806,0.51557,0.46340
232.jpg,0.78427,0.48188,0.32260,0.48469,0.31231,0.43005,0.77161,0.42241
233.jpg,0.73481,0.46865,0.25900,0.46502,0.25270,0.40807,0.72219,0.41308
234.jpg,0.56230,0.47384,0.23772,0.48620,0.23233,0.42703,0.55514,0.41041
235.jpg,0.47738,0.33542,0.16691,0.33731,0.16029,0.27576,0.46514,0.28667
236.jpg,0.56395,0.45372,0.27029,0.44341,0.26795,0.39590,0.56219,0.40146
237.jpg,0.59149,0.51808,0.29127,0.51911,0.28826,0.47002,0.58858,0.46613
238.jpg,0.65454,0.48607,0.30615,0.47790,0.30129,0.41184,0.65390,0.42290
239.jpg,0.62455,0.50389,0.32529,0.49975,0.32712,0.45754,0.61958,0.44902
240.jpg,0.65464,0.51945,0.26529,0.46744,0.24939,0.40142,0.63789,0.45095
241.jpg,0.57626,0.48177,0.31168,0.47432,0.30864,0.43454,0.56807,0.43529
242.jpg,0.60525,0.50302,0.38192,0.50700,0.37594,0.47047,0.59624,0.46682
243.jpg,0.72072,0.47733,0.27322,0.47146,0.27102,0.39263,0.71614,0.39296
244.jpg,0.62860,0.45540,0.34962,0.45861,0.34850,0.39726,0.62828,0.39936
245.jpg,0.62474,0.52012,0.33965,0.49017,0.33065,0.43839,0.60954,0.46571
246.jpg,0.56800,0.33580,0.33378,0.32878,0.33228,0.28299,0.57851,0.28857
247.jpg,0.67420,0.50148,0.38396,0.50151,0.37333,0.43592,0.67666,0.43617
248.jpg,0.64258,0.45802,0.33760,0.45954,0.33056,0.40640,0.63563,0.40806
249.jpg,0.67465,0.47048,0.18050,0.45456,0.17531,0.38852,0.66146,0.39292
250.jpg,0.71579,0.46550,0.44515,0.45210,0.44443,0.40609,0.71432,0.42148
251.jpg,0.68002,0.48883,0.29982,0.49423,0.29225,0.43450,0.66744,0.43542
252.jpg,0.67099,0.47645,0.47938,0.47477,0.47893,0.43533,0.67275,0.43165
253.jpg,0.59850,0.50060,0.31168,0.50114,0.30347,0.45342,0.59030,0.45105
254.jpg,0.67048,0.48981,0.31286,0.49766,0.30851,0.44362,0.66566,0.43355
255.jpg,0.70163,0.51373,0.37955,0.51318,0.38207,0.44681,0.70152,0.44602
256.jpg,0.67779,0.49866,0.44225,0.49238,0.43399,0.45178,0.67374,0.45216
257.jpg,0.67294,0.48310,0.37969,0.49126,0.37902,0.43364,0.66702,0.42714
258.jpg,0.61174,0.48556,0.31859,0.49268,0.31270,0.44767,0.60356,0.43695
259.jpg,0.63710,0.50033,0.28608,0.50255,0.28203,0.44727,0.62807,0.44491
260.jpg,0.68814,0.52563,0.32378,0.52811,0.33006,0.45755,0.68631,0.45062
261.jpg,0.70358,0.50963,0.35431,0.50915,0.35367,0.44304,0.69993,0.44612
262.jpg,0.73378,0.54240,0.20838,0.55195,0.20475,0.46919,0.72512,0.45743
263.jpg,0.64604,0.52424,0.29757,0.49593,0.28607,0.44530,0.63219,0.46840
264.jpg,0.63322,0.48575,0.33973,0.48689,0.33596,0.42891,0.62265,0.43073
265.jpg,0.84385,0.55903,0.53998,0.57028,0.54015,0.51695,0.84084,0.49916
266.jpg,0.75939,0.46145,0.25422,0.45914,0.25262,0.39021,0.75136,0.38403
267.jpg,0.62606,0.55209,0.38027,0.52498,0.37650,0.47359,0.62002,0.49507
268.jpg,0.53883,0.46110,0.30975,0.43670,0.30773,0.39358,0.53349,0.41299
269.jpg,0.73966,0.46270,0.54702,0.45275,0.53941,0.41551,0.72650,0.42251
270.jpg,0.45397,0.33017,0.11495,0.33064,0.11601,0.26059,0.46155,0.28778
271.jpg,0.62803,0.45305,0.28607,0.44499,0.28525,0.39202,0.61482,0.39590
272.jpg,0.77994,0.54091,0.38220,0.49776,0.36967,0.43114,0.76599,0.47214
273.jpg,0.73230,0.43175,0.39270,0.42108,0.38644,0.36190,0.72079,0.37390
274.jpg,0.56544,0.38542,0.25327,0.38272,0.24862,0.32714,0.55610,0.32374
275.jpg,0.86563,0.51759,0.60259,0.52503,0.60517,0.46578,0.85698,0.45363
276.jpg,0.69187,0.46049,0.43073,0.43797,0.43017,0.38900,0.67796,0.41877
277.jpg,0.58142,0.51021,0.24432,0.48384,0.23352,0.43012,0.56845,0.45006
278.jpg,0.78613,0.47552,0.39830,0.45112,0.38816,0.38627,0.77323,0.40629
279.jpg,0.74552,0.53586,0.44918,0.48614,0.43925,0.43597,0.73651,0.47848
280.jpg,0.69702,0.49627,0.37606,0.51321,0.37389,0.44518,0.69990,0.42851
281.jpg,0.68877,0.51004,0.36609,0.48581,0.36052,0.42919,0.67978,0.44516
282.jpg,0.50759,0.51093,0.19199,0.47468,0.18536,0.41556,0.49829,0.44377
283.jpg,0.73735,0.48192,0.31861,0.49149,0.31816,0.41540,0.72698,0.41451
284.jpg,0.66978,0.46977,0.41321,0.43948,0.41077,0.38856,0.65777,0.41946
285.jpg,0.59374,0.39471,0.17380,0.36225,0.16137,0.29621,0.58946,0.32365
286.jpg,0.62618,0.45549,0.27990,0.45528,0.27824,0.39805,0.62614,0.39687
287.jpg,0.86415,0.50752,0.59766,0.48982,0.59546,0.44059,0.86191,0.46469
288.jpg,0.63200,0.49588,0.27142,0.50310,0.26146,0.44877,0.62626,0.43760
289.jpg,0.52644,0.47474,0.30016,0.45844,0.29746,0.40780,0.51184,0.42512
290.jpg,0.71206,0.49974,0.23551,0.46945,0.22108,0.40780,0.68368,0.42391
291.jpg,0.66715,0.46643,0.34976,0.46283,0.34766,0.40981,0.66269,0.41048
292.jpg,0.66088,0.47565,0.32079,0.47715,0.32059,0.41539,0.66242,0.40795
293.jpg,0.69120,0.37603,0.22437,0.37672,0.20829,0.29441,0.68494,0.29706
294.jpg,0.59150,0.47888,0.35282,0.46649,0.34914,0.42944,0.58294,0.43610
295.jpg,0.58533,0.46342,0.29567,0.46184,0.29807,0.41721,0.58362,0.41480
296.jpg,0.88537,0.56055,0.62211,0.55408,0.61709,0.50061,0.88193,0.48830
297.jpg,0.77160,0.57008,0.38302,0.56795,0.37811,0.48697,0.77094,0.49517
298.jpg,0.51108,0.58822,0.20481,0.59109,0.21694,0.54332,0.51984,0.55020
299.jpg,0.80001,0.36564,0.54036,0.35818,0.53935,0.30996,0.80419,0.30911
300.jpg,0.63640,0.42673,0.33786,0.42131,0.33454,0.36069,0.63706,0.36635
301.jpg,0.70424,0.53413,0.25094,0.52602,0.24285,0.46080,0.69832,0.46633
302.jpg,0.64241,0.41863,0.32654,0.41694,0.32477,0.35886,0.64362,0.35714
303.jpg,0.71269,0.40403,0.25864,0.41521,0.25185,0.33842,0.70848,0.32965
304.jpg,0.68112,0.46944,0.40044,0.47186,0.39446,0.41906,0.67773,0.41236
305.jpg,0.61921,0.49204,0.29424,0.49110,0.28542,0.41827,0.61966,0.42246
306.jpg,0.68085,0.48530,0.34383,0.48486,0.33914,0.42529,0.67154,0.42796
307.jpg,0.75129,0.47573,0.43208,0.47489,0.42903,0.41166,0.74901,0.41656
308.jpg,0.83328,0.46469,0.53413,0.47525,0.53858,0.41626,0.83792,0.40132
309.jpg,0.52853,0.44048,0.32577,0.44332,0.32384,0.39970,0.52424,0.39653
310.jpg,0.63216,0.39611,0.31759,0.38724,0.31443,0.33497,0.62454,0.34066
311.jpg,0.68013,0.55348,0.47630,0.54351,0.47506,0.49528,0.67960,0.50595
312.jpg,0.57326,0.48061,0.33084,0.47831,0.33592,0.43265,0.56916,0.42756
313.jpg,0.66872,0.46825,0.33827,0.46848,0.33355,0.40748,0.66426,0.40822
314.jpg,0.60578,0.38532,0.22234,0.38840,0.22072,0.31951,0.60335,0.31971
315.jpg,0.63049,0.32168,0.24430,0.33653,0.23789,0.26506,0.61783,0.26317
316.jpg,0.56083,0.46423,0.34443,0.46216,0.34707,0.42159,0.54802,0.42235
317.jpg,0.72709,0.48448,0.49836,0.48744,0.50179,0.44354,0.72635,0.43441
318.jpg,0.70190,0.50494,0.39920,0.51221,0.39979,0.44963,0.70097,0.44340
319.jpg,0.54496,0.40892,0.34010,0.40759,0.34287,0.36696,0.54033,0.36659
320.jpg,0.72284,0.48072,0.41692,0.48626,0.42136,0.43096,0.72491,0.42771
321.jpg,0.78528,0.49222,0.39624,0.48356,0.39540,0.40788,0.78039,0.41634
322.jpg,0.78226,0.46433,0.23859,0.47686,0.23710,0.38805,0.78189,0.37553
323.jpg,0.86679,0.46337,0.58979,0.47286,0.59555,0.40847,0.86270,0.39892
324.jpg,0.50621,0.38642,0.17509,0.38097,0.17207,0.32843,0.48552,0.32955
325.jpg,0.69303,0.51505,0.26499,0.52181,0.25463,0.44502,0.68793,0.44339
326.jpg,0.62353,0.50418,0.35447,0.50740,0.35752,0.44996,0.61612,0.44558
327.jpg,0.77213,0.48067,0.20581,0.47121,0.19899,0.39147,0.75797,0.39726
328.jpg,0.68170,0.50627,0.35623,0.46868,0.34579,0.40704,0.66620,0.44442
329.jpg,0.71258,0.46483,0.28364,0.46310,0.27798,0.40439,0.69811,0.41252
330.jpg,0.68604,0.51404,0.33010,0.51464,0.32854,0.44653,0.68466,0.45096
331.jpg,0.51544,0.47370,0.18887,0.43896,0.17560,0.38608,0.49857,0.41458
332.jpg,0.60487,0.48912,0.29678,0.48499,0.29352,0.44570,0.59519,0.44250
333.jpg,0.64701,0.51111,0.29226,0.49912,0.28610,0.44774,0.63006,0.45551
334.jpg,0.87106,0.43528,0.45195,0.44887,0.44612,0.36509,0.87129,0.35933
335.jpg,0.78016,0.46367,0.21499,0.47789,0.21485,0.39057,0.77259,0.37894
336.jpg,0.65645,0.52082,0.29316,0.51764,0.29365,0.44750,0.64805,0.44854
337.jpg,0.67651,0.39047,0.43227,0.40381,0.43346,0.36148,0.67705,0.34231
338.jpg,0.59485,0.39819,0.34118,0.39917,0.33991,0.35652,0.58996,0.34645
339.jpg,0.58597,0.48073,0.35954,0.47612,0.35504,0.43828,0.57790,0.43823
340.jpg,0.60926,0.50560,0.29908,0.44666,0.28795,0.39098,0.59640,0.44584
341.jpg,0.64447,0.51596,0.28189,0.49511,0.26668,0.42488,0.62730,0.45288
342.jpg,0.63240,0.47487,0.25930,0.46107,0.25377,0.40007,0.62709,0.40251
343.jpg,0.58125,0.40509,0.19901,0.41604,0.19256,0.35056,0.57255,0.34129
344.jpg,0.75282,0.57902,0.32089,0.52833,0.31327,0.46108,0.74699,0.50774
345.jpg,0.72898,0.48286,0.25284,0.49283,0.24356,0.42586,0.71767,0.41759
346.jpg,0.77493,0.52050,0.46696,0.50278,0.46080,0.44003,0.76178,0.46216
347.jpg,0.59643,0.34732,0.44109,0.33985,0.44306,0.30993,0.59875,0.31744
348.jpg,0.66603,0.50986,0.32188,0.47888,0.31280,0.42621,0.65440,0.45246
349.jpg,0.68311,0.46028,0.39464,0.45583,0.38710,0.40763,0.66917,0.41246
350.jpg,0.66150,0.42604,0.41288,0.39827,0.40736,0.36415,0.65457,0.38564
351.jpg,0.69568,0.46090,0.41581,0.46946,0.42149,0.41145,0.69258,0.40249
352.jpg,0.68866,0.51791,0.39444,0.51186,0.38622,0.45554,0.68513,0.46198
353.jpg,0.55964,0.52162,0.19830,0.55370,0.19831,0.48991,0.54944,0.45843
354.jpg,0.66220,0.43993,0.42742,0.43957,0.43370,0.40539,0.66025,0.40415
355.jpg,0.67402,0.50570,0.47017,0.50435,0.47038,0.46917,0.67501,0.46682
356.jpg,0.71393,0.45189,0.38025,0.45663,0.37443,0.40184,0.70154,0.40167
357.jpg,0.62290,0.45736,0.47074,0.44747,0.48104,0.41604,0.62604,0.41232
358.jpg,0.73321,0.56795,0.27986,0.54430,0.26540,0.46727,0.72106,0.49225
359.jpg,0.66780,0.45490,0.42558,0.45630,0.43100,0.40886,0.66655,0.40694
360.jpg,0.70279,0.51048,0.35579,0.51431,0.35487,0.45041,0.69824,0.45123
361.jpg,0.61090,0.41358,0.40998,0.39165,0.40705,0.37120,0.60805,0.37715
362.jpg,0.71068,0.43322,0.43044,0.42662,0.42349,0.38213,0.70279,0.38864
363.jpg,0.66893,0.49334,0.35039,0.47712,0.34328,0.42577,0.65903,0.44121
364.jpg,0.62118,0.41998,0.41318,0.42217,0.41051,0.38633,0.62141,0.38157
365.jpg,0.63612,0.44155,0.36982,0.44089,0.36778,0.39348,0.63281,0.39582
366.jpg,0.62141,0.58704,0.22160,0.57481,0.21561,0.51471,0.60366,0.52308
367.jpg,0.67498,0.47385,0.38245,0.48570,0.38531,0.43920,0.67183,0.42546
368.jpg,0.53064,0.49671,0.29299,0.51345,0.29048,0.46737,0.52806,0.45085
369.jpg,0.56086,0.48004,0.34087,0.48155,0.33375,0.44040,0.55215,0.44141
370.jpg,0.57757,0.48617,0.28450,0.50146,0.28616,0.43979,0.57770,0.42528
371.jpg,0.56322,0.45289,0.33854,0.45528,0.33464,0.41534,0.56282,0.41057
372.jpg,0.55177,0.48014,0.36148,0.48288,0.36114,0.44772,0.55557,0.44075
373.jpg,0.54992,0.52051,0.26998,0.51613,0.25990,0.46344,0.55018,0.46412
374.jpg,0.59628,0.53263,0.24023,0.48299,0.22608,0.42023,0.57185,0.47529
375.jpg,0.69712,0.46623,0.30635,0.47011,0.30699,0.40611,0.69799,0.40081
376.jpg,0.69960,0.49010,0.41875,0.52015,0.42616,0.45825,0.70282,0.42498
377.jpg,0.72210,0.49677,0.40215,0.49652,0.39002,0.43816,0.70730,0.44596
378.jpg,0.59289,0.36998,0.31455,0.36886,0.31427,0.30387,0.60292,0.30873
379.jpg,0.69459,0.50119,0.40828,0.50073,0.40970,0.45139,0.69057,0.44925
380.jpg,0.65695,0.44834,0.31915,0.45578,0.31924,0.39743,0.65159,0.38598
381.jpg,0.72333,0.46005,0.39720,0.44969,0.39063,0.39759,0.71235,0.40950
382.jpg,0.54092,0.32609,0.26621,0.31202,0.26076,0.25865,0.53490,0.28127
383.jpg,0.62857,0.53094,0.28702,0.45027,0.27063,0.39176,0.60499,0.46417
384.jpg,0.60887,0.47477,0.24869,0.45142,0.24029,0.39241,0.59795,0.41661
385.jpg,0.74497,0.47515,0.34650,0.47674,0.34666,0.40628,0.74246,0.40137
386.jpg,0.64642,0.45243,0.34676,0.45725,0.34127,0.40815,0.63967,0.40088
387.jpg,0.66143,0.46951,0.30003,0.46505,0.29450,0.39808,0.65198,0.41054
388.jpg,0.70783,0.44124,0.45036,0.43363,0.44775,0.39285,0.70392,0.39717
389.jpg,0.75105,0.36104,0.53508,0.35965,0.53480,0.32367,0.75423,0.31381
390.jpg,0.66007,0.48308,0.33555,0.45570,0.32660,0.39996,0.64814,0.41510
391.jpg,0.68235,0.48371,0.31528,0.46015,0.30284,0.40132,0.66708,0.42539
392.jpg,0.67945,0.53097,0.36228,0.48866,0.34815,0.42870,0.66175,0.47457
393.jpg,0.58116,0.44689,0.33640,0.44232,0.33480,0.39846,0.58240,0.39983
394.jpg,0.61304,0.44380,0.40513,0.45473,0.40632,0.40978,0.61936,0.39827
395.jpg,0.72201,0.46539,0.30741,0.47203,0.30667,0.39701,0.71983,0.39177
396.jpg,0.57447,0.54692,0.33125,0.52206,0.32493,0.48189,0.55732,0.50212
397.jpg,0.67794,0.45712,0.47110,0.41863,0.46435,0.38189,0.66312,0.42025
398.jpg,0.70529,0.34661,0.34860,0.35850,0.34791,0.28969,0.69861,0.27487
399.jpg,0.72123,0.43936,0.39391,0.41824,0.38365,0.36003,0.71092,0.38509
400.jpg,0.70282,0.48248,0.40510,0.45751,0.39541,0.40089,0.68961,0.42686
401.jpg,0.60791,0.61162,0.29069,0.60873,0.29016,0.55082,0.60405,0.56410
402.jpg,0.55689,0.50373,0.26375,0.49292,0.25432,0.43839,0.54154,0.44795
403.jpg,0.68429,0.51569,0.48715,0.51568,0.48177,0.47866,0.68125,0.47933
404.jpg,0.63780,0.53259,0.29109,0.51442,0.28964,0.45590,0.62290,0.47202
405.jpg,0.64488,0.49310,0.37070,0.48164,0.36329,0.43951,0.63399,0.44629
406.jpg,0.65251,0.49258,0.32530,0.48980,0.31791,0.42442,0.65711,0.42131
407.jpg,0.43985,0.53597,0.17459,0.50685,0.17025,0.45325,0.43873,0.47461
408.jpg,0.64062,0.44142,0.40071,0.44179,0.40496,0.39559,0.64132,0.39463
409.jpg,0.61446,0.47713,0.29213,0.46982,0.28731,0.41356,0.60772,0.42099
410.jpg,0.72110,0.43307,0.49976,0.42432,0.49604,0.38528,0.71788,0.39327
411.jpg,0.59627,0.51279,0.38758,0.50738,0.38061,0.46742,0.58532,0.46648
412.jpg,0.59989,0.47637,0.34971,0.46405,0.35031,0.42734,0.59927,0.43539
413.jpg,0.68889,0.50511,0.45249,0.49808,0.45591,0.45356,0.68874,0.45595
414.jpg,0.66939,0.40766,0.37605,0.39395,0.35892,0.33272,0.65790,0.34556
415.jpg,0.54513,0.47735,0.28403,0.47060,0.28182,0.42935,0.54089,0.43455
416.jpg,0.72904,0.44404,0.29333,0.44272,0.29204,0.36043,0.72762,0.35625
417.jpg,0.74404,0.51806,0.21259,0.48349,0.19771,0.41473,0.73214,0.44537
418.jpg,0.79771,0.42035,0.55306,0.41676,0.55222,0.36125,0.78923,0.35588
419.jpg,0.78597,0.51155,0.21386,0.51677,0.20010,0.43132,0.77384,0.42374
420.jpg,0.79439,0.52042,0.45818,0.49460,0.44488,0.45090,0.78552,0.46588
421.jpg,0.60245,0.44705,0.30006,0.42758,0.29091,0.38081,0.58709,0.39584
422.jpg,0.73713,0.54448,0.47431,0.56982,0.46941,0.51911,0.74542,0.48630
423.jpg,0.74528,0.52221,0.44327,0.52529,0.44394,0.47888,0.74947,0.46665
424.jpg,0.57231,0.52391,0.29506,0.52699,0.28975,0.48325,0.55163,0.47850
425.jpg,0.78002,0.41833,0.41603,0.42286,0.40583,0.36098,0.76831,0.35830
426.jpg,0.74630,0.46662,0.32428,0.48107,0.31900,0.41510,0.73618,0.39994
427.jpg,0.47241,0.46073,0.22076,0.46611,0.21999,0.41849,0.45457,0.41340
428.jpg,0.75733,0.55568,0.45565,0.52822,0.45008,0.47171,0.74789,0.49480
429.jpg,0.69526,0.54251,0.32840,0.57038,0.32690,0.49654,0.68865,0.46792
430.jpg,0.68019,0.49857,0.34400,0.48730,0.33662,0.43368,0.66641,0.44216
431.jpg,0.80062,0.51541,0.30025,0.53248,0.28623,0.43840,0.79518,0.42367
432.jpg,0.61270,0.48590,0.34852,0.49423,0.34781,0.44786,0.60850,0.44329
433.jpg,0.61049,0.55839,0.38730,0.54529,0.38530,0.50285,0.61608,0.50265
434.jpg,0.57485,0.61327,0.24016,0.61629,0.25292,0.55661,0.57243,0.56921
435.jpg,0.73149,0.54813,0.41841,0.50722,0.40800,0.45971,0.72225,0.49141
436.jpg,0.63737,0.45007,0.39041,0.45179,0.39288,0.40924,0.63069,0.41021
437.jpg,0.72411,0.48786,0.44892,0.49871,0.44966,0.44438,0.72690,0.43372
438.jpg,0.59439,0.38196,0.31257,0.37971,0.31248,0.32665,0.59216,0.33398
439.jpg,0.63957,0.43267,0.38111,0.42409,0.37292,0.37345,0.63010,0.38845
440.jpg,0.65441,0.46465,0.29799,0.45264,0.28448,0.38685,0.64733,0.40104
441.jpg,0.52323,0.49190,0.21000,0.48436,0.20084,0.43434,0.49918,0.44693
442.jpg,0.75606,0.51206,0.38377,0.49309,0.37355,0.43308,0.74232,0.45114
443.jpg,0.63816,0.57500,0.36690,0.57046,0.35553,0.52532,0.63270,0.52616
444.jpg,0.72829,0.33517,0.56740,0.33122,0.56311,0.29019,0.73347,0.29133
445.jpg,0.63885,0.48369,0.35205,0.45276,0.34566,0.40061,0.62486,0.43171
446.jpg,0.70706,0.47889,0.32063,0.48394,0.31930,0.42854,0.70025,0.42396
447.jpg,0.70793,0.48173,0.36268,0.48018,0.35824,0.41632,0.70230,0.41687
448.jpg,0.62689,0.46283,0.36773,0.46574,0.36895,0.41154,0.62538,0.40672
449.jpg,0.65145,0.37682,0.33828,0.35469,0.33211,0.29171,0.64128,0.31793
450.jpg,0.61433,0.50915,0.30074,0.48224,0.29051,0.42517,0.59896,0.45125
451.jpg,0.55848,0.46809,0.34287,0.46104,0.33804,0.43410,0.54651,0.43644
452.jpg,0.51395,0.52378,0.25582,0.53848,0.25401,0.49651,0.50848,0.47688
453.jpg,0.75261,0.54991,0.37278,0.52934,0.37044,0.46778,0.74817,0.48603
454.jpg,0.65729,0.49438,0.36114,0.45400,0.35362,0.40186,0.64593,0.44749
455.jpg,0.59557,0.49477,0.27783,0.51021,0.27592,0.45126,0.59860,0.43411
456.jpg,0.76034,0.39805,0.46691,0.38152,0.46454,0.32848,0.76012,0.33975
457.jpg,0.79521,0.52114,0.50564,0.52451,0.50565,0.46613,0.78605,0.46743
458.jpg,0.63761,0.39235,0.39877,0.38943,0.40388,0.34027,0.63741,0.33723
459.jpg,0.55659,0.51679,0.31473,0.52141,0.31711,0.48737,0.55020,0.47628
460.jpg,0.65066,0.49725,0.40195,0.49531,0.39559,0.44371,0.64695,0.44891
461.jpg,0.85374,0.41485,0.46034,0.41304,0.45464,0.34664,0.85372,0.34566
462.jpg,0.67174,0.49940,0.30213,0.50127,0.29918,0.44380,0.66479,0.43796
463.jpg,0.73495,0.49016,0.24263,0.49124,0.23677,0.40664,0.72124,0.41568
464.jpg,0.70348,0.54049,0.41916,0.53035,0.41600,0.48833,0.70092,0.49409
465.jpg,0.77306,0.38561,0.50651,0.38374,0.50350,0.32385,0.77017,0.33303
466.jpg,0.51676,0.51790,0.22632,0.51359,0.22646,0.44975,0.50891,0.45712
467.jpg,0.68464,0.48773,0.37494,0.49307,0.36968,0.45368,0.68282,0.45164
468.jpg,0.49382,0.42944,0.26316,0.41112,0.26303,0.37704,0.48004,0.39004
469.jpg,0.65327,0.43752,0.26352,0.43741,0.25920,0.37909,0.64616,0.37759
470.jpg,0.73275,0.39530,0.26142,0.40376,0.25196,0.31947,0.73637,0.31393
471.jpg,0.65084,0.48541,0.31127,0.44174,0.30021,0.38434,0.63528,0.42365
472.jpg,0.53076,0.37241,0.25991,0.37029,0.25416,0.32799,0.52109,0.32041
473.jpg,0.63079,0.40364,0.42184,0.39982,0.42229,0.35953,0.62963,0.35772
474.jpg,0.59365,0.44091,0.30687,0.42814,0.29827,0.37669,0.58178,0.38233
475.jpg,0.64168,0.49027,0.38514,0.48843,0.38206,0.43633,0.62777,0.44148
476.jpg,0.63172,0.47368,0.26261,0.48408,0.25491,0.40844,0.63824,0.39476
477.jpg,0.66712,0.49711,0.37410,0.49702,0.37546,0.43926,0.66374,0.43887
478.jpg,0.67322,0.47557,0.42889,0.47451,0.42878,0.42760,0.67315,0.43087
479.jpg,0.76465,0.39942,0.46592,0.40485,0.45427,0.35012,0.76405,0.34496
480.jpg,0.59810,0.37888,0.32463,0.38086,0.32770,0.33021,0.59692,0.32779
481.jpg,0.65605,0.43166,0.27297,0.45419,0.27510,0.38428,0.65927,0.36176
482.jpg,0.60149,0.44065,0.26725,0.46848,0.26772,0.38911,0.60150,0.36615
483.jpg,0.57028,0.46166,0.35155,0.47132,0.34886,0.43148,0.56373,0.42328
484.jpg,0.81263,0.56149,0.51619,0.54391,0.50996,0.49844,0.80455,0.51257
485.jpg,0.82985,0.50714,0.42133,0.52088,0.42766,0.45039,0.82791,0.43259
486.jpg,0.58938,0.41540,0.33927,0.40987,0.33626,0.37602,0.57919,0.37603
487.jpg,0.69960,0.46826,0.38137,0.47559,0.38035,0.41798,0.69620,0.41355
488.jpg,0.64397,0.51917,0.25929,0.51856,0.25535,0.45494,0.63854,0.44313
489.jpg,0.63430,0.45351,0.38010,0.43241,0.37530,0.38775,0.62954,0.40640
490.jpg,0.69294,0.50041,0.27417,0.49027,0.26192,0.43314,0.67880,0.43911
491.jpg,0.77877,0.50631,0.33046,0.49880,0.33046,0.41827,0.77276,0.42698
492.jpg,0.81025,0.48534,0.35447,0.47646,0.34093,0.40020,0.80161,0.41439
493.jpg,0.57962,0.51507,0.23881,0.50113,0.22773,0.44235,0.56298,0.45696
494.jpg,0.83284,0.34045,0.61695,0.33882,0.61659,0.28032,0.83881,0.29002
495.jpg,0.80503,0.43347,0.35168,0.42516,0.34927,0.35995,0.80193,0.35353
496.jpg,0.78239,0.46902,0.46550,0.45761,0.45867,0.40534,0.77712,0.40966
497.jpg,0.61853,0.38828,0.39197,0.37125,0.38529,0.32941,0.61204,0.34047
498.jpg,0.63136,0.50416,0.33051,0.50167,0.32343,0.45295,0.61481,0.45336
499.jpg,0.57495,0.44052,0.18005,0.46197,0.17791,0.38141,0.57872,0.36109
500.jpg,0.64694,0.49882,0.28169,0.51486,0.27913,0.44430,0.64834,0.42261
501.jpg,0.76310,0.45585,0.37844,0.45303,0.37066,0.38850,0.75326,0.38981
502.jpg,0.73392,0.51981,0.31070,0.52286,0.31500,0.43821,0.72594,0.43888
503.jpg,0.64301,0.47617,0.31770,0.46328,0.30934,0.41190,0.63165,0.43025
504.jpg,0.72432,0.52084,0.22925,0.49394,0.21498,0.42098,0.71257,0.45217
505.jpg,0.52854,0.50852,0.23068,0.50584,0.22015,0.45347,0.50860,0.46019
506.jpg,0.85599,0.52190,0.50119,0.53976,0.49873,0.46668,0.85073,0.44917
507.jpg,0.80299,0.48624,0.41738,0.46527,0.41378,0.38777,0.79464,0.40801
508.jpg,0.69051,0.49873,0.25530,0.49920,0.24628,0.42612,0.68297,0.42394
509.jpg,0.64475,0.46337,0.41516,0.46171,0.41538,0.42503,0.63933,0.42571
510.jpg,0.49530,0.46358,0.22128,0.47772,0.21827,0.42006,0.48939,0.40755
511.jpg,0.74859,0.40434,0.32776,0.41256,0.32107,0.33768,0.74685,0.33752
512.jpg,0.82734,0.46476,0.18044,0.46373,0.17751,0.37767,0.81558,0.36979
513.jpg,0.80973,0.53263,0.32221,0.51624,0.32332,0.43743,0.80354,0.45451
514.jpg,0.62880,0.42814,0.38618,0.43090,0.38580,0.38171,0.62626,0.37760
515.jpg,0.70300,0.55488,0.30766,0.47747,0.29319,0.41274,0.67755,0.48411
516.jpg,0.70935,0.50834,0.41645,0.51691,0.41526,0.46569,0.71190,0.45475
517.jpg,0.59948,0.50265,0.32626,0.51428,0.32986,0.46507,0.59931,0.44770
518.jpg,0.67542,0.43128,0.36321,0.43236,0.35594,0.37828,0.66750,0.38095
519.jpg,0.67472,0.49657,0.41305,0.48797,0.40956,0.44029,0.66513,0.44681
520.jpg,0.78985,0.45296,0.39294,0.41195,0.38085,0.34988,0.77758,0.38896
521.jpg,0.73311,0.52234,0.31248,0.52221,0.29962,0.43812,0.72527,0.44003
522.jpg,0.63408,0.49515,0.20518,0.49705,0.19780,0.42249,0.62316,0.41973
523.jpg,0.48608,0.49842,0.26195,0.49547,0.25727,0.45019,0.47528,0.45821
524.jpg,0.65224,0.50266,0.35563,0.49645,0.35261,0.44506,0.64702,0.44359
525.jpg,0.53193,0.47315,0.27739,0.44272,0.26666,0.39578,0.51711,0.42703
526.jpg,0.64986,0.52854,0.29309,0.46271,0.27695,0.39148,0.63008,0.45157
527.jpg,0.50279,0.50446,0.19269,0.49620,0.18671,0.43659,0.48873,0.45094
528.jpg,0.46517,0.45957,0.27015,0.46178,0.26816,0.44274,0.46631,0.43756
529.jpg,0.70433,0.46673,0.43464,0.48453,0.43598,0.42248,0.69759,0.40715
530.jpg,0.76473,0.50779,0.49456,0.53578,0.48988,0.48481,0.76257,0.45919
531.jpg,0.50427,0.42104,0.30125,0.41764,0.29722,0.37856,0.49949,0.38164
532.jpg,0.68594,0.34308,0.38078,0.34047,0.38238,0.27933,0.68765,0.28060
533.jpg,0.77055,0.57164,0.35074,0.54934,0.34967,0.48505,0.76658,0.50433
534.jpg,0.63335,0.47739,0.35491,0.45773,0.34713,0.41560,0.61983,0.43457
535.jpg,0.62585,0.51535,0.30670,0.50968,0.30272,0.45522,0.61160,0.46086
536.jpg,0.68919,0.50420,0.32091,0.50662,0.31749,0.44657,0.68119,0.45108
537.jpg,0.55204,0.37460,0.34024,0.36704,0.34540,0.32674,0.54515,0.33267
538.jpg,0.66915,0.52657,0.29815,0.50713,0.28951,0.45463,0.65205,0.46673
539.jpg,0.63952,0.45383,0.28577,0.49534,0.28137,0.42577,0.64392,0.38999
540.jpg,0.66833,0.53404,0.30707,0.52385,0.30612,0.46617,0.66032,0.47632
541.jpg,0.56220,0.40349,0.22649,0.39963,0.22145,0.33324,0.55201,0.33374
542.jpg,0.64971,0.52958,0.24999,0.55308,0.24532,0.47521,0.65078,0.46051
543.jpg,0.67450,0.58899,0.25717,0.51526,0.23725,0.44693,0.65809,0.51168
544.jpg,0.54612,0.39543,0.23684,0.37071,0.22859,0.31813,0.52480,0.33581
545.jpg,0.65543,0.52314,0.25307,0.51647,0.24734,0.44734,0.65080,0.45867
546.jpg,0.61000,0.39265,0.17313,0.36617,0.16310,0.29471,0.59588,0.31841
547.jpg,0.85864,0.38500,0.61700,0.37648,0.62091,0.31550,0.86023,0.32712
548.jpg,0.70587,0.46084,0.44251,0.43513,0.43781,0.39014,0.69686,0.41369
549.jpg,0.62665,0.49039,0.37986,0.47734,0.37571,0.43240,0.62091,0.44337
550.jpg,0.60009,0.48807,0.37472,0.48806,0.37127,0.44358,0.59984,0.44275
551.jpg,0.66198,0.46358,0.40914,0.42889,0.40201,0.38059,0.65362,0.41408
552.jpg,0.69731,0.49201,0.34754,0.47618,0.33858,0.42049,0.68382,0.43674
553.jpg,0.62727,0.47040,0.41678,0.44601,0.40816,0.40130,0.61733,0.42862
554.jpg,0.57443,0.43592,0.30386,0.43596,0.30160,0.38979,0.57611,0.38848
555.jpg,0.54940,0.44503,0.33507,0.44175,0.33622,0.40415,0.54716,0.40563
556.jpg,0.57191,0.49225,0.27746,0.49355,0.27270,0.44661,0.56699,0.44464
557.jpg,0.65611,0.53075,0.27883,0.50843,0.26630,0.44418,0.64109,0.46855
558.jpg,0.59539,0.38347,0.33918,0.35760,0.33156,0.31644,0.57889,0.34009
559.jpg,0.64560,0.54548,0.34047,0.52468,0.33294,0.46781,0.63295,0.48668
560.jpg,0.79643,0.48082,0.40238,0.47418,0.39154,0.40128,0.79213,0.40944
561.jpg,0.74913,0.38072,0.45354,0.37811,0.45338,0.32883,0.74090,0.33010
562.jpg,0.40617,0.46531,0.14122,0.46494,0.14315,0.41779,0.41001,0.42368
563.jpg,0.67573,0.45953,0.44673,0.45452,0.44514,0.41716,0.67411,0.42083
564.jpg,0.84255,0.50759,0.29665,0.51512,0.29078,0.42181,0.83441,0.41343
565.jpg,0.58959,0.43735,0.18741,0.43505,0.18028,0.37106,0.57299,0.36391
566.jpg,0.83632,0.37093,0.48204,0.37436,0.48203,0.30462,0.83345,0.30831
567.jpg,0.65284,0.54433,0.35840,0.52191,0.35578,0.47497,0.63862,0.48721
568.jpg,0.59420,0.57006,0.21027,0.57267,0.20144,0.51639,0.58380,0.50773
569.jpg,0.67629,0.35656,0.19773,0.36752,0.18988,0.28681,0.66668,0.28148
570.jpg,0.68644,0.55128,0.33535,0.54616,0.32779,0.49417,0.68210,0.49041
571.jpg,0.64857,0.47821,0.36348,0.47299,0.36012,0.42584,0.65072,0.42516
572.jpg,0.69291,0.48383,0.49208,0.46598,0.48941,0.42097,0.68944,0.43904
573.jpg,0.62653,0.41129,0.17403,0.40943,0.16489,0.32949,0.62422,0.33043
574.jpg,0.64310,0.51952,0.28501,0.51490,0.28015,0.45982,0.63307,0.46166
575.jpg,0.72465,0.48750,0.52115,0.49204,0.51715,0.46138,0.72194,0.45018
576.jpg,0.54456,0.49469,0.28814,0.48964,0.28551,0.43691,0.53039,0.44519
577.jpg,0.68218,0.53850,0.30375,0.53852,0.30383,0.47109,0.66716,0.46339
578.jpg,0.65797,0.50356,0.32508,0.49883,0.32340,0.44421,0.65403,0.45162
579.jpg,0.61858,0.42234,0.39562,0.42988,0.39286,0.39139,0.61818,0.38250
580.jpg,0.61500,0.49568,0.34232,0.43730,0.32730,0.37445,0.59873,0.43010
581.jpg,0.69824,0.50990,0.28367,0.51739,0.27837,0.45708,0.69080,0.45044
582.jpg,0.68520,0.33851,0.34864,0.34398,0.34608,0.27732,0.67252,0.27584
583.jpg,0.84851,0.57046,0.42279,0.58174,0.42204,0.50851,0.83965,0.50304
584.jpg,0.62892,0.44029,0.27862,0.43612,0.27594,0.37811,0.61741,0.38245
585.jpg,0.78437,0.52906,0.44880,0.52781,0.45212,0.46648,0.78430,0.45385
586.jpg,0.55061,0.48418,0.28816,0.48693,0.28078,0.43628,0.54107,0.43585
587.jpg,0.68852,0.49051,0.22482,0.49146,0.21791,0.42473,0.67313,0.42231
588.jpg,0.76507,0.53703,0.37707,0.51316,0.37377,0.45560,0.75536,0.48016
589.jpg,0.61854,0.32299,0.43681,0.33856,0.44580,0.30433,0.61751,0.29340
590.jpg,0.75770,0.47449,0.44860,0.47054,0.44716,0.41556,0.75163,0.41462
591.jpg,0.62720,0.48485,0.37789,0.49260,0.37636,0.44827,0.62529,0.43717
592.jpg,0.64005,0.47416,0.38749,0.41514,0.38346,0.36012,0.62758,0.41471
593.jpg,0.61181,0.47068,0.30510,0.46431,0.29950,0.41695,0.60179,0.42233
594.jpg,0.66278,0.43813,0.34488,0.44412,0.33953,0.38572,0.66006,0.38177
595.jpg,0.83136,0.41961,0.60746,0.40223,0.60720,0.35267,0.82775,0.36716
596.jpg,0.59764,0.46150,0.31746,0.47819,0.32135,0.42254,0.59964,0.40482
597.jpg,0.59713,0.45110,0.31922,0.46760,0.31930,0.41668,0.59611,0.40223
598.jpg,0.55783,0.44224,0.37232,0.43988,0.36817,0.40984,0.54895,0.41258
599.jpg,0.52507,0.47013,0.17048,0.43468,0.16508,0.37751,0.50105,0.40382
600.jpg,0.56660,0.42183,0.17813,0.40998,0.17044,0.34332,0.55143,0.35453
601.jpg,0.47619,0.51578,0.14269,0.51567,0.13658,0.46287,0.45400,0.45614
602.jpg,0.71008,0.55006,0.50331,0.55516,0.50128,0.51092,0.71606,0.50182
603.jpg,0.66931,0.38970,0.33061,0.38908,0.32938,0.32477,0.66526,0.32825
604.jpg,0.55124,0.50251,0.36453,0.49063,0.35831,0.44501,0.53896,0.45634
605.jpg,0.64234,0.53870,0.35431,0.53681,0.35350,0.49302,0.63428,0.48461
606.jpg,0.70152,0.35651,0.35592,0.38033,0.35944,0.31279,0.69966,0.29359
607.jpg,0.56576,0.51236,0.29018,0.49579,0.27951,0.44509,0.55103,0.46480
608.jpg,0.74188,0.42312,0.51357,0.43544,0.50989,0.38961,0.73551,0.37482
609.jpg,0.86926,0.50277,0.57800,0.49773,0.57349,0.43739,0.86717,0.44662
610.jpg,0.64494,0.47386,0.42642,0.47016,0.42289,0.43427,0.64470,0.43879
611.jpg,0.56672,0.51811,0.27184,0.49873,0.26066,0.44499,0.54896,0.46564
612.jpg,0.52202,0.47740,0.16151,0.43879,0.15303,0.37879,0.49706,0.41445
613.jpg,0.61816,0.48872,0.27948,0.51598,0.27952,0.45332,0.61671,0.42119
614.jpg,0.78474,0.45048,0.45269,0.43456,0.44301,0.37644,0.77318,0.39218
615.jpg,0.48582,0.38288,0.23675,0.38485,0.23855,0.34262,0.48064,0.33841
616.jpg,0.70407,0.48511,0.41381,0.47893,0.41120,0.43281,0.69614,0.44008
617.jpg,0.66318,0.49687,0.33478,0.49822,0.32784,0.44123,0.65957,0.43748
618.jpg,0.65386,0.47631,0.29496,0.48662,0.28968,0.41705,0.65273,0.41301
619.jpg,0.77832,0.50749,0.41314,0.50719,0.40944,0.45430,0.78171,0.44830
620.jpg,0.51921,0.40718,0.32224,0.40537,0.32346,0.37864,0.51786,0.37206
621.jpg,0.60351,0.47776,0.32932,0.47945,0.33181,0.43696,0.59910,0.43417
622.jpg,0.65581,0.53313,0.38756,0.50825,0.38018,0.46217,0.64573,0.47283
623.jpg,0.64658,0.47437,0.44369,0.47206,0.44326,0.42903,0.64946,0.43072
624.jpg,0.65390,0.45016,0.36315,0.45474,0.36031,0.40661,0.64640,0.39939
625.jpg,0.68431,0.56260,0.34716,0.55748,0.34004,0.50691,0.67992,0.50353
626.jpg,0.42320,0.41355,0.14964,0.39257,0.14650,0.33676,0.41222,0.36066
627.jpg,0.76099,0.48850,0.31346,0.46498,0.29644,0.40714,0.74178,0.43243
628.jpg,0.85575,0.46987,0.63307,0.46688,0.62767,0.41734,0.85606,0.41735
629.jpg,0.64645,0.47407,0.28939,0.47250,0.28424,0.41064,0.63877,0.41827
630.jpg,0.67822,0.46271,0.40724,0.44379,0.39915,0.40051,0.66784,0.41754
631.jpg,0.76366,0.39082,0.42222,0.38072,0.41401,0.31988,0.74871,0.33273
632.jpg,0.70358,0.53222,0.35658,0.46857,0.34236,0.40756,0.68995,0.46310
633.jpg,0.70799,0.54029,0.51884,0.54666,0.51064,0.51585,0.70923,0.50176
634.jpg,0.71793,0.47119,0.42887,0.46270,0.41860,0.41999,0.70469,0.42925
635.jpg,0.77482,0.54873,0.40536,0.54141,0.41028,0.48329,0.77179,0.48407
636.jpg,0.66789,0.49775,0.31868,0.51423,0.32134,0.45998,0.66586,0.44095
637.jpg,0.67465,0.43493,0.41148,0.43816,0.40591,0.38466,0.67174,0.38144
638.jpg,0.71999,0.47198,0.47040,0.48208,0.47304,0.44120,0.72223,0.42646
639.jpg,0.65756,0.48931,0.41342,0.50085,0.41920,0.45379,0.66357,0.43708
640.jpg,0.63821,0.50777,0.38903,0.50797,0.39048,0.46517,0.63063,0.45153
641.jpg,0.68874,0.46855,0.37882,0.47500,0.37931,0.41543,0.68922,0.40942
642.jpg,0.86522,0.51564,0.59618,0.50323,0.59571,0.44832,0.86028,0.45757
643.jpg,0.76676,0.56835,0.52011,0.52143,0.52074,0.46649,0.76091,0.50439
644.jpg,0.72053,0.52655,0.34437,0.46260,0.32577,0.39700,0.70077,0.45537
645.jpg,0.58573,0.50027,0.26277,0.50054,0.25768,0.44153,0.57804,0.44086
646.jpg,0.59071,0.47759,0.32841,0.47440,0.32907,0.42740,0.59315,0.42747
647.jpg,0.74497,0.40660,0.41402,0.38013,0.40626,0.33299,0.73020,0.35431
648.jpg,0.64178,0.49904,0.28196,0.48774,0.27794,0.43121,0.62806,0.44003
649.jpg,0.67742,0.48556,0.35495,0.48106,0.33779,0.42254,0.66732,0.43356
650.jpg,0.60905,0.47080,0.34076,0.47434,0.33458,0.43307,0.60183,0.43140
651.jpg,0.45800,0.44101,0.24347,0.43762,0.24402,0.39960,0.44901,0.40640
652.jpg,0.57111,0.50353,0.28301,0.50815,0.28112,0.46140,0.55201,0.46135
653.jpg,0.81004,0.52170,0.53881,0.51396,0.53328,0.46999,0.79926,0.47894
654.jpg,0.72022,0.47955,0.32789,0.48431,0.32886,0.41673,0.71882,0.41048
655.jpg,0.46904,0.44378,0.18421,0.42858,0.18188,0.37932,0.46869,0.38722
656.jpg,0.83564,0.50540,0.42941,0.45769,0.40760,0.39518,0.82135,0.44097
657.jpg,0.51153,0.42713,0.28078,0.43026,0.27652,0.39448,0.51289,0.39069
658.jpg,0.77066,0.48362,0.29551,0.49657,0.29283,0.42269,0.76227,0.40410
659.jpg,0.71535,0.51262,0.28562,0.52009,0.27628,0.44093,0.71308,0.44145
660.jpg,0.53744,0.41246,0.24900,0.39967,0.24317,0.35225,0.52635,0.35659
661.jpg,0.69777,0.50738,0.32940,0.48707,0.31899,0.43143,0.68745,0.44777
662.jpg,0.63494,0.50606,0.24352,0.49422,0.23657,0.43143,0.62511,0.43961
663.jpg,0.83807,0.31328,0.58021,0.32439,0.57190,0.25946,0.84548,0.26094
664.jpg,0.62117,0.50178,0.22756,0.49368,0.21894,0.43135,0.60342,0.43783
665.jpg,0.64058,0.37079,0.37018,0.37349,0.37309,0.31894,0.63633,0.31819
666.jpg,0.59753,0.44837,0.41057,0.44841,0.40851,0.41857,0.59113,0.41294
667.jpg,0.61071,0.45184,0.40270,0.45929,0.40065,0.41355,0.60427,0.41195
668.jpg,0.59652,0.47340,0.33003,0.46572,0.32806,0.42646,0.59293,0.42953
669.jpg,0.65825,0.40766,0.41299,0.38659,0.41136,0.33625,0.65052,0.35562
670.jpg,0.72157,0.55207,0.43709,0.55493,0.42715,0.49978,0.71922,0.49577
671.jpg,0.62488,0.50966,0.41292,0.51009,0.41580,0.46940,0.61968,0.46494
672.jpg,0.68585,0.42518,0.44594,0.42114,0.44263,0.38152,0.68744,0.38255
673.jpg,0.50721,0.49312,0.31788,0.49651,0.31321,0.45657,0.50545,0.45942
674.jpg,0.71608,0.47762,0.28028,0.47151,0.27424,0.39103,0.70974,0.40160
675.jpg,0.71094,0.44534,0.32269,0.45137,0.32481,0.39036,0.71400,0.37951
676.jpg,0.59660,0.50525,0.32499,0.50747,0.32175,0.46242,0.59402,0.45482
677.jpg,0.55489,0.34841,0.17578,0.34425,0.16674,0.27423,0.54106,0.27761
678.jpg,0.72420,0.49409,0.23382,0.49204,0.22497,0.42498,0.71121,0.42237
679.jpg,0.59036,0.46507,0.33759,0.47274,0.34078,0.42746,0.58943,0.42191
680.jpg,0.61238,0.51059,0.37971,0.48720,0.36893,0.43922,0.60468,0.45749
681.jpg,0.73053,0.53395,0.33683,0.55544,0.34328,0.48342,0.72832,0.46701
682.jpg,0.71776,0.47748,0.43035,0.48630,0.43284,0.42458,0.71589,0.42439
683.jpg,0.61424,0.51605,0.33575,0.52958,0.33824,0.47535,0.61348,0.45795
684.jpg,0.65358,0.49590,0.41598,0.45293,0.40558,0.40181,0.64084,0.44493
685.jpg,0.84451,0.37695,0.61338,0.37745,0.61602,0.32628,0.84671,0.32311
686.jpg,0.82625,0.48501,0.56290,0.48636,0.55319,0.43159,0.82104,0.42988
687.jpg,0.74063,0.53329,0.30747,0.50940,0.30212,0.45025,0.72949,0.47405
688.jpg,0.70337,0.36537,0.32030,0.37440,0.31767,0.30561,0.70648,0.29971
689.jpg,0.69769,0.35206,0.30454,0.35270,0.30349,0.28088,0.69748,0.27824
690.jpg,0.57110,0.54853,0.34021,0.54694,0.33740,0.49980,0.56070,0.50181
691.jpg,0.62205,0.56468,0.35805,0.49379,0.34056,0.43481,0.59648,0.50418
692.jpg,0.57266,0.41879,0.32096,0.41554,0.31089,0.36365,0.56968,0.36549
693.jpg,0.67102,0.44641,0.37401,0.43538,0.37217,0.38236,0.66336,0.38884
694.jpg,0.70921,0.51608,0.34710,0.49353,0.34062,0.43122,0.70019,0.44974
695.jpg,0.68789,0.51038,0.41456,0.49928,0.40754,0.45212,0.67526,0.46592
696.jpg,0.64463,0.47624,0.33839,0.49656,0.34264,0.43517,0.64038,0.41511
697.jpg,0.73963,0.52356,0.45432,0.53338,0.44613,0.48007,0.73295,0.47354
698.jpg,0.59146,0.46008,0.24896,0.45709,0.24739,0.41345,0.58546,0.40669
699.jpg,0.59449,0.48742,0.25939,0.46015,0.25055,0.39711,0.59092,0.42121
700.jpg,0.65511,0.48903,0.22956,0.47578,0.22165,0.40647,0.64479,0.41557
701.jpg,0.63448,0.46004,0.33110,0.44885,0.32341,0.39544,0.62503,0.40943
702.jpg,0.67464,0.44565,0.44388,0.43739,0.44126,0.38738,0.66962,0.39970
703.jpg,0.61318,0.46370,0.34575,0.45207,0.34249,0.40562,0.60730,0.41999
704.jpg,0.52533,0.36343,0.30713,0.35867,0.30268,0.32201,0.51618,0.32046
705.jpg,0.67674,0.52015,0.37351,0.50886,0.36863,0.45757,0.67207,0.46581
706.jpg,0.55624,0.47029,0.28179,0.47504,0.28292,0.42544,0.55611,0.41773
707.jpg,0.57700,0.44140,0.19777,0.42286,0.19216,0.35653,0.56048,0.36708
708.jpg,0.70391,0.53663,0.38491,0.53281,0.37808,0.47502,0.69327,0.47608
709.jpg,0.64753,0.49136,0.42010,0.49269,0.42955,0.45883,0.64489,0.45740
710.jpg,0.78090,0.46947,0.44818,0.44407,0.43025,0.38326,0.77255,0.41589
711.jpg,0.85372,0.55146,0.44985,0.57618,0.45535,0.49581,0.84945,0.47088
712.jpg,0.70672,0.39925,0.38851,0.40359,0.38124,0.34609,0.70396,0.34310
713.jpg,0.73140,0.34982,0.48768,0.34574,0.48946,0.29889,0.71840,0.29881
714.jpg,0.58712,0.51327,0.32337,0.51417,0.32627,0.46540,0.57226,0.45971
715.jpg,0.85695,0.43844,0.40404,0.44349,0.39570,0.36291,0.84872,0.35517
716.jpg,0.57317,0.41240,0.23880,0.38370,0.22920,0.33203,0.56525,0.34913
717.jpg,0.57203,0.49584,0.24130,0.50482,0.23563,0.44694,0.57776,0.43795
718.jpg,0.65339,0.43775,0.28686,0.44304,0.28020,0.38019,0.64690,0.37910
719.jpg,0.43108,0.42923,0.14430,0.40643,0.13934,0.34740,0.41245,0.37664
720.jpg,0.45401,0.34214,0.15223,0.35096,0.14429,0.28814,0.45058,0.28560
721.jpg,0.85307,0.46235,0.60732,0.47125,0.60528,0.42553,0.85210,0.41098
722.jpg,0.56131,0.55206,0.20273,0.56139,0.19530,0.50249,0.55838,0.50051
723.jpg,0.61201,0.45644,0.38421,0.46120,0.38580,0.41869,0.61770,0.40685
724.jpg,0.57188,0.51186,0.23985,0.48728,0.22913,0.42616,0.55878,0.45811
725.jpg,0.51290,0.41853,0.28335,0.42489,0.28029,0.38517,0.51850,0.37908
726.jpg,0.60238,0.48493,0.29192,0.47815,0.28651,0.42889,0.59598,0.43504
727.jpg,0.67755,0.48046,0.25900,0.46907,0.24463,0.40104,0.66026,0.41604
728.jpg,0.85398,0.39795,0.44954,0.41962,0.45006,0.33904,0.85416,0.32892
729.jpg,0.63895,0.38780,0.16487,0.39191,0.15656,0.30764,0.63737,0.30335
730.jpg,0.65777,0.49944,0.26320,0.50428,0.25569,0.44156,0.65450,0.42913
731.jpg,0.78447,0.51765,0.40306,0.53366,0.40802,0.47083,0.77832,0.45235
732.jpg,0.61194,0.46181,0.24888,0.47052,0.24711,0.41648,0.60520,0.40735
733.jpg,0.65733,0.45672,0.33382,0.44400,0.32947,0.38610,0.64910,0.39408
734.jpg,0.62729,0.46391,0.35331,0.45689,0.35181,0.40026,0.61667,0.41064
735.jpg,0.57899,0.48865,0.35413,0.44863,0.34616,0.40625,0.57356,0.44073
736.jpg,0.64362,0.51486,0.28747,0.47064,0.27267,0.41583,0.62713,0.45156
737.jpg,0.58343,0.47775,0.32540,0.47301,0.32305,0.43751,0.58055,0.43557
738.jpg,0.59487,0.45401,0.35321,0.45752,0.35779,0.41488,0.59339,0.40923
739.jpg,0.69235,0.32772,0.42370,0.33443,0.42680,0.28350,0.68505,0.28195
740.jpg,0.84124,0.37966,0.48794,0.38135,0.48971,0.31074,0.84037,0.31855
741.jpg,0.63528,0.50856,0.28391,0.48511,0.27084,0.42793,0.61892,0.45146
742.jpg,0.73807,0.43173,0.50224,0.43599,0.49741,0.39530,0.74034,0.38794
743.jpg,0.50211,0.53346,0.17248,0.53352,0.16863,0.47159,0.47793,0.47588
744.jpg,0.58309,0.46457,0.31487,0.45887,0.31027,0.41554,0.57388,0.41514
745.jpg,0.85430,0.40155,0.59919,0.39524,0.59813,0.33601,0.85417,0.34303
746.jpg,0.82572,0.55963,0.53012,0.56782,0.51536,0.50916,0.81764,0.51284
747.jpg,0.70247,0.48123,0.33940,0.48535,0.33557,0.42246,0.68875,0.41972
748.jpg,0.63343,0.51907,0.29899,0.50453,0.29650,0.45086,0.61789,0.45865
749.jpg,0.58252,0.58332,0.32094,0.58221,0.32613,0.53423,0.58332,0.54157
750.jpg,0.56139,0.47281,0.34894,0.46623,0.34883,0.43170,0.55938,0.43260
751.jpg,0.78182,0.42138,0.46326,0.41619,0.44970,0.35710,0.77345,0.36422
752.jpg,0.64078,0.47799,0.34145,0.48252,0.33961,0.43632,0.64146,0.42966
753.jpg,0.72702,0.48886,0.35717,0.47662,0.34918,0.41592,0.71640,0.42680
754.jpg,0.71616,0.46435,0.31772,0.46715,0.31280,0.39812,0.70699,0.39290
755.jpg,0.60820,0.49218,0.29518,0.48246,0.28827,0.43477,0.60237,0.43657
756.jpg,0.67514,0.47150,0.29812,0.44980,0.29038,0.38827,0.66119,0.40810
757.jpg,0.71087,0.32676,0.28539,0.32639,0.27924,0.25994,0.70629,0.26196
758.jpg,0.73145,0.55534,0.31776,0.52855,0.31157,0.45573,0.71787,0.48114
759.jpg,0.68158,0.46376,0.40314,0.46052,0.40119,0.41301,0.67488,0.41609
760.jpg,0.56563,0.57411,0.32691,0.56661,0.31763,0.53105,0.56812,0.53028
761.jpg,0.65935,0.58427,0.38590,0.55047,0.37670,0.49449,0.64696,0.52737
762.jpg,0.59356,0.47597,0.32282,0.48307,0.32262,0.43950,0.59628,0.43060
763.jpg,0.76419,0.44309,0.42934,0.43896,0.42088,0.37854,0.75454,0.38197
764.jpg,0.50148,0.52457,0.22117,0.55102,0.22640,0.48528,0.48311,0.46275
765.jpg,0.58705,0.31089,0.34735,0.31855,0.33887,0.27724,0.58453,0.27665
766.jpg,0.58628,0.46321,0.27098,0.42563,0.26057,0.36796,0.57273,0.40638
767.jpg,0.65373,0.54930,0.36705,0.53668,0.36670,0.47292,0.64277,0.47926
768.jpg,0.70804,0.49694,0.37966,0.49318,0.37290,0.43674,0.70217,0.43806
769.jpg,0.67862,0.46122,0.41153,0.44996,0.40814,0.40269,0.67131,0.41150
770.jpg,0.57008,0.50945,0.33368,0.51065,0.33547,0.47035,0.55833,0.46029
771.jpg,0.81775,0.31964,0.49976,0.32991,0.49805,0.26719,0.81502,0.26768
772.jpg,0.75335,0.48370,0.24439,0.48545,0.23846,0.39696,0.75434,0.39381
773.jpg,0.67306,0.47238,0.41888,0.46124,0.41435,0.41796,0.66690,0.43297
774.jpg,0.58382,0.43428,0.14454,0.43972,0.14032,0.36820,0.58166,0.36554
775.jpg,0.69746,0.46829,0.41353,0.45578,0.40776,0.41098,0.68936,0.42454
776.jpg,0.58591,0.45503,0.29340,0.45015,0.28834,0.39994,0.58338,0.40199
777.jpg,0.64446,0.56614,0.28526,0.53768,0.27464,0.48109,0.63139,0.49626
778.jpg,0.59685,0.43762,0.36248,0.43942,0.36174,0.39217,0.58982,0.39281
779.jpg,0.64716,0.42444,0.35381,0.42125,0.34874,0.36831,0.64484,0.36985
780.jpg,0.72040,0.42418,0.49359,0.41113,0.49236,0.37201,0.71440,0.37936
781.jpg,0.69136,0.51640,0.29353,0.54871,0.30180,0.47136,0.68476,0.44285
782.jpg,0.62394,0.51875,0.23973,0.47058,0.22467,0.41279,0.59843,0.45635
783.jpg,0.62013,0.51888,0.19200,0.53747,0.19246,0.46275,0.61514,0.45009
784.jpg,0.55747,0.54763,0.13552,0.55949,0.13855,0.48404,0.53324,0.47183
785.jpg,0.86796,0.33262,0.55379,0.33738,0.54627,0.25840,0.87357,0.26322
786.jpg,0.67077,0.50702,0.28925,0.48652,0.28108,0.42604,0.65557,0.44495
787.jpg,0.63457,0.52081,0.33921,0.51326,0.33957,0.46432,0.62283,0.46487
788.jpg,0.59232,0.47309,0.36476,0.46895,0.36270,0.42949,0.58869,0.42923
789.jpg,0.78643,0.49825,0.32775,0.50148,0.32172,0.41598,0.78128,0.41477
790.jpg,0.55827,0.45210,0.21211,0.45074,0.20510,0.39153,0.54857,0.39037
791.jpg,0.62207,0.58708,0.33783,0.57245,0.32505,0.52965,0.62158,0.53929
792.jpg,0.65240,0.49515,0.29674,0.48886,0.28462,0.43855,0.64443,0.44193
793.jpg,0.68210,0.52774,0.33510,0.52822,0.32910,0.46252,0.67298,0.46398
794.jpg,0.54623,0.50489,0.32151,0.48260,0.31199,0.43598,0.52983,0.46055
795.jpg,0.72221,0.42208,0.48317,0.42446,0.47057,0.37594,0.71120,0.37867
796.jpg,0.58661,0.49791,0.30172,0.51193,0.29913,0.45263,0.58505,0.44163
797.jpg,0.77342,0.34317,0.42786,0.33690,0.42310,0.27309,0.75802,0.27636
798.jpg,0.77018,0.50288,0.33889,0.49907,0.32908,0.44408,0.76060,0.44116
799.jpg,0.68442,0.33280,0.27973,0.32305,0.27360,0.26236,0.67173,0.26732
800.jpg,0.64141,0.53042,0.31693,0.46133,0.30230,0.40204,0.61657,0.45816
801.jpg,0.61182,0.48104,0.35480,0.48129,0.35397,0.43206,0.60538,0.43256
802.jpg,0.85129,0.58267,0.58376,0.59301,0.57641,0.53588,0.84602,0.51554
803.jpg,0.83697,0.38636,0.62808,0.37251,0.62278,0.33180,0.84712,0.33037
804.jpg,0.64654,0.50727,0.38873,0.50410,0.38253,0.45882,0.63854,0.46516
805.jpg,0.79583,0.47582,0.28347,0.46558,0.26985,0.39941,0.78239,0.40951
806.jpg,0.63126,0.50541,0.22514,0.52208,0.22355,0.45014,0.62666,0.43138
807.jpg,0.57464,0.49368,0.24323,0.51374,0.23854,0.45024,0.56638,0.43628
808.jpg,0.79232,0.51221,0.27741,0.52286,0.27293,0.42646,0.78830,0.41906
809.jpg,0.72817,0.40151,0.43054,0.39433,0.42377,0.34515,0.71424,0.35594
810.jpg,0.61011,0.39423,0.24646,0.41130,0.24268,0.33557,0.61963,0.32274
811.jpg,0.69029,0.45927,0.42454,0.46314,0.42343,0.41115,0.68411,0.40982
812.jpg,0.70317,0.45602,0.41194,0.44614,0.41171,0.40255,0.69154,0.40726
813.jpg,0.66804,0.46689,0.23046,0.46219,0.22432,0.39749,0.64990,0.40433
814.jpg,0.60297,0.46378,0.35681,0.45730,0.35378,0.41295,0.59275,0.41723
815.jpg,0.63654,0.34106,0.27143,0.33069,0.26720,0.26738,0.64093,0.27161
816.jpg,0.56097,0.44132,0.18752,0.43341,0.18229,0.38021,0.54241,0.38716
817.jpg,0.67475,0.50444,0.39200,0.50989,0.37662,0.46309,0.66911,0.46209
818.jpg,0.62881,0.50162,0.34424,0.48709,0.33733,0.43620,0.61709,0.44731
819.jpg,0.54908,0.45519,0.25664,0.44002,0.24759,0.38812,0.53924,0.39926
820.jpg,0.42981,0.47652,0.09734,0.46258,0.09527,0.40644,0.42052,0.41179
821.jpg,0.55747,0.54780,0.25932,0.55595,0.24978,0.50510,0.55267,0.50677
822.jpg,0.65037,0.40047,0.44936,0.39598,0.45190,0.36745,0.63676,0.35920
823.jpg,0.70332,0.51086,0.41553,0.51043,0.42327,0.45280,0.70160,0.45111
824.jpg,0.73776,0.48083,0.30379,0.45276,0.29476,0.38976,0.72232,0.42141
825.jpg,0.63468,0.45480,0.41173,0.45825,0.41443,0.42245,0.63278,0.41518
826.jpg,0.59521,0.51376,0.34026,0.50956,0.34479,0.46455,0.58840,0.46213
827.jpg,0.62457,0.47093,0.36688,0.47387,0.36516,0.42833,0.61730,0.42558
828.jpg,0.59576,0.47154,0.42134,0.47125,0.41364,0.43707,0.59108,0.43866
829.jpg,0.58230,0.41395,0.34592,0.41071,0.34691,0.36422,0.57767,0.36746
830.jpg,0.66349,0.47444,0.32815,0.46655,0.32668,0.40557,0.65777,0.40731
831.jpg,0.59574,0.44929,0.30084,0.45979,0.29665,0.40763,0.59614,0.40170
832.jpg,0.63265,0.50185,0.37958,0.47598,0.37364,0.43067,0.61693,0.46176
833.jpg,0.64996,0.45795,0.48843,0.46413,0.49138,0.43887,0.65030,0.43037
834.jpg,0.44861,0.51973,0.14576,0.51642,0.13953,0.46250,0.43326,0.46370
835.jpg,0.59164,0.35812,0.23737,0.33781,0.22848,0.27689,0.57696,0.29127
836.jpg,0.82848,0.30330,0.48958,0.31773,0.48441,0.25174,0.82431,0.25593
837.jpg,0.46305,0.38759,0.13399,0.41243,0.12867,0.36173,0.47333,0.33598
838.jpg,0.55867,0.50170,0.13708,0.49484,0.13287,0.42298,0.52917,0.44125
839.jpg,0.65947,0.32288,0.31263,0.32681,0.30895,0.26513,0.65897,0.26051
840.jpg,0.59356,0.45358,0.33448,0.43214,0.32806,0.38187,0.58250,0.40091
841.jpg,0.59135,0.50868,0.35585,0.51402,0.35205,0.48175,0.58789,0.47593
842.jpg,0.71639,0.47762,0.31240,0.46937,0.30310,0.40909,0.70570,0.41351
843.jpg,0.66680,0.42433,0.36244,0.45125,0.36134,0.39564,0.66498,0.36880
844.jpg,0.73431,0.52040,0.33757,0.52490,0.32454,0.45325,0.71229,0.44808
845.jpg,0.72119,0.36103,0.41120,0.36972,0.41264,0.30391,0.72007,0.29644
846.jpg,0.79146,0.50181,0.45087,0.50244,0.44266,0.44889,0.79225,0.44676
847.jpg,0.70115,0.33399,0.42193,0.33480,0.42873,0.28023,0.69386,0.27326
848.jpg,0.71603,0.53469,0.37604,0.51811,0.36391,0.45674,0.70501,0.47440
849.jpg,0.46635,0.45399,0.17396,0.43819,0.17579,0.38049,0.46657,0.38648
850.jpg,0.70228,0.32193,0.51097,0.32967,0.51265,0.28603,0.71249,0.27815
851.jpg,0.64230,0.50142,0.42270,0.50284,0.42402,0.46353,0.63918,0.45936
852.jpg,0.60328,0.50587,0.24706,0.48564,0.23350,0.42913,0.58445,0.45741
853.jpg,0.56294,0.36145,0.28500,0.36922,0.28488,0.31281,0.56907,0.30439
854.jpg,0.65290,0.50616,0.36975,0.47864,0.35648,0.42748,0.64050,0.45497
855.jpg,0.63849,0.49641,0.24021,0.49678,0.23843,0.42413,0.63412,0.42460
856.jpg,0.58702,0.48365,0.34227,0.45343,0.33362,0.41132,0.57804,0.43509
857.jpg,0.56716,0.57187,0.28520,0.56463,0.27404,0.50557,0.56503,0.52117
858.jpg,0.60378,0.45236,0.36761,0.44243,0.35848,0.39852,0.59568,0.40726
859.jpg,0.56549,0.48887,0.33924,0.48638,0.33589,0.44558,0.55603,0.44117
860.jpg,0.75070,0.43592,0.37101,0.44495,0.36671,0.37050,0.74477,0.36499
861.jpg,0.64440,0.46478,0.32326,0.50289,0.32271,0.42634,0.64903,0.38225
862.jpg,0.61800,0.51442,0.39486,0.50335,0.39051,0.46911,0.61446,0.47359
863.jpg,0.63223,0.33855,0.32737,0.33990,0.33062,0.28519,0.63097,0.28091
864.jpg,0.75546,0.53491,0.51808,0.48780,0.50127,0.44151,0.74533,0.48103
865.jpg,0.59214,0.42381,0.22455,0.42655,0.22090,0.36150,0.59227,0.35741
866.jpg,0.72735,0.52463,0.30485,0.47839,0.28918,0.40137,0.70995,0.44713
867.jpg,0.51541,0.39804,0.13296,0.43028,0.13016,0.36555,0.52174,0.33217
868.jpg,0.57363,0.46300,0.29363,0.40933,0.28099,0.35068,0.55819,0.40375
869.jpg,0.57427,0.34765,0.23197,0.33424,0.22627,0.27997,0.56592,0.28262
870.jpg,0.53710,0.50919,0.24865,0.51451,0.24569,0.46621,0.53257,0.46214
871.jpg,0.65909,0.44607,0.19435,0.43486,0.19330,0.35219,0.65487,0.35329
872.jpg,0.70819,0.50451,0.28259,0.49729,0.27670,0.42416,0.69898,0.43511
873.jpg,0.65260,0.41832,0.40551,0.40207,0.40531,0.35442,0.64347,0.37408
874.jpg,0.67362,0.48679,0.31080,0.45675,0.29827,0.40343,0.64980,0.43087
875.jpg,0.62874,0.53626,0.34664,0.49773,0.33786,0.44997,0.61366,0.48389
876.jpg,0.63667,0.44482,0.34182,0.44652,0.34263,0.40200,0.62933,0.40112
877.jpg,0.64416,0.47605,0.35744,0.49336,0.35561,0.43725,0.63950,0.42505
878.jpg,0.65774,0.49482,0.42482,0.48143,0.42367,0.43232,0.65187,0.44517
879.jpg,0.65769,0.41747,0.35540,0.41217,0.35696,0.36075,0.65075,0.35895
880.jpg,0.71045,0.54002,0.46450,0.50265,0.45808,0.45274,0.69870,0.49051
881.jpg,0.49157,0.48064,0.30017,0.46327,0.29084,0.42094,0.48697,0.44523
882.jpg,0.66222,0.49826,0.21799,0.51207,0.21556,0.44032,0.65687,0.41773
883.jpg,0.55074,0.47056,0.27574,0.46010,0.26591,0.41309,0.53789,0.41645
884.jpg,0.63593,0.51420,0.35819,0.50209,0.35409,0.44884,0.62479,0.45649
885.jpg,0.63830,0.50653,0.30130,0.49140,0.29508,0.43670,0.62192,0.45263
886.jpg,0.50762,0.34144,0.24747,0.33335,0.24574,0.29340,0.50645,0.29667
887.jpg,0.72666,0.41923,0.47394,0.43173,0.47119,0.37735,0.72686,0.37159
888.jpg,0.64715,0.47651,0.24352,0.49802,0.23753,0.42632,0.64397,0.40623
889.jpg,0.51397,0.52041,0.16900,0.50875,0.16202,0.45659,0.50253,0.46249
890.jpg,0.70515,0.45673,0.45177,0.45765,0.45092,0.41757,0.70346,0.42008
891.jpg,0.78125,0.48588,0.28427,0.47618,0.27725,0.39380,0.77629,0.40120
892.jpg,0.64817,0.44326,0.34882,0.44260,0.34516,0.39021,0.64245,0.38931
893.jpg,0.59780,0.46889,0.31042,0.47419,0.31120,0.42723,0.60021,0.42108
894.jpg,0.57117,0.49092,0.39875,0.48630,0.39110,0.45417,0.57530,0.45582
895.jpg,0.69200,0.47146,0.44002,0.46381,0.43851,0.42108,0.68853,0.43101
896.jpg,0.72316,0.49213,0.36112,0.49083,0.35386,0.42629,0.71465,0.43021
897.jpg,0.65329,0.49580,0.27937,0.50054,0.27216,0.43256,0.64421,0.42864
898.jpg,0.65808,0.45598,0.43050,0.44888,0.43294,0.40968,0.65318,0.41248
899.jpg,0.65174,0.51145,0.32568,0.48953,0.31484,0.43197,0.63790,0.45112
900.jpg,0.62646,0.51075,0.42866,0.49673,0.41923,0.45605,0.61851,0.46735
901.jpg,0.80103,0.35566,0.33133,0.35920,0.32104,0.27061,0.79554,0.27278
902.jpg,0.55416,0.53774,0.26142,0.54675,0.25734,0.49825,0.54255,0.48898
903.jpg,0.71576,0.54955,0.42803,0.54487,0.41803,0.49473,0.70472,0.50245
904.jpg,0.71162,0.51005,0.38994,0.51305,0.39266,0.45480,0.70839,0.45248
905.jpg,0.60956,0.49230,0.32897,0.50183,0.32937,0.44383,0.60954,0.43368
906.jpg,0.71910,0.43932,0.36724,0.43404,0.36520,0.37318,0.71417,0.37773
907.jpg,0.66378,0.46739,0.33114,0.47031,0.33044,0.40183,0.66391,0.39725
908.jpg,0.79861,0.46908,0.45908,0.48002,0.45826,0.42047,0.79922,0.40596
909.jpg,0.42561,0.50265,0.18984,0.49671,0.18415,0.45658,0.42470,0.45965
910.jpg,0.56302,0.49719,0.35924,0.47772,0.34858,0.44027,0.55802,0.45634
911.jpg,0.69421,0.47107,0.42210,0.47136,0.42062,0.41891,0.69050,0.42161
912.jpg,0.49832,0.41068,0.22206,0.41875,0.22104,0.36484,0.49844,0.35876
913.jpg,0.59294,0.48610,0.30297,0.44778,0.29402,0.39991,0.58223,0.43128
914.jpg,0.70866,0.51119,0.41231,0.50222,0.41325,0.43483,0.71371,0.44344
915.jpg,0.61500,0.40700,0.33019,0.40845,0.32714,0.35083,0.61292,0.35278
916.jpg,0.70567,0.48558,0.41097,0.47600,0.40434,0.44861,0.71419,0.45197
917.jpg,0.75407,0.49538,0.38805,0.50080,0.38610,0.43109,0.75067,0.42780
918.jpg,0.64332,0.50894,0.33611,0.51319,0.33960,0.45978,0.63518,0.44804
919.jpg,0.60083,0.51706,0.33574,0.52320,0.32984,0.46662,0.59827,0.45938
920.jpg,0.61208,0.50785,0.32925,0.48842,0.32210,0.44403,0.59993,0.45316
921.jpg,0.69285,0.48536,0.30170,0.48980,0.29761,0.41842,0.69012,0.41168
922.jpg,0.67712,0.49075,0.29618,0.47381,0.28717,0.40597,0.66734,0.42543
923.jpg,0.68862,0.51159,0.36111,0.51207,0.36135,0.45125,0.69072,0.45306
924.jpg,0.47915,0.39895,0.16790,0.38890,0.16229,0.32955,0.46546,0.34172
925.jpg,0.68693,0.45805,0.40685,0.45091,0.40542,0.39962,0.68291,0.40401
926.jpg,0.64012,0.41616,0.38908,0.39918,0.38667,0.35048,0.62926,0.36886
927.jpg,0.72474,0.55160,0.40459,0.54630,0.40824,0.48839,0.72769,0.48780
928.jpg,0.77144,0.53010,0.38468,0.51930,0.38721,0.45564,0.76531,0.46543
929.jpg,0.66265,0.48660,0.36682,0.47892,0.36177,0.43572,0.65683,0.44078
930.jpg,0.50393,0.43403,0.26135,0.43408,0.25737,0.39404,0.49999,0.39257
931.jpg,0.67261,0.43322,0.25037,0.42405,0.24667,0.35756,0.66531,0.36883
932.jpg,0.65870,0.46100,0.34148,0.46184,0.33618,0.41017,0.65327,0.41066
933.jpg,0.66146,0.45901,0.26035,0.46051,0.24760,0.40163,0.65603,0.39351
934.jpg,0.77925,0.50635,0.25343,0.52128,0.24885,0.42125,0.77638,0.41335
935.jpg,0.57104,0.50546,0.27925,0.52832,0.27757,0.46741,0.56152,0.43965
936.jpg,0.66975,0.44450,0.42734,0.43513,0.42717,0.39530,0.66987,0.39788
937.jpg,0.65456,0.43719,0.20186,0.45299,0.20018,0.37708,0.65238,0.36138
938.jpg,0.59990,0.45876,0.30928,0.44001,0.30595,0.38737,0.59150,0.40107
939.jpg,0.69682,0.49741,0.29667,0.49728,0.28802,0.43137,0.68455,0.42973
940.jpg,0.67129,0.47762,0.47171,0.46784,0.47281,0.42270,0.66946,0.43036
941.jpg,0.75642,0.42811,0.26624,0.42613,0.25923,0.34162,0.75336,0.34426
942.jpg,0.68995,0.49335,0.30192,0.48892,0.29459,0.43068,0.67861,0.43614
943.jpg,0.55547,0.46421,0.30800,0.45809,0.30390,0.41526,0.55464,0.41567
944.jpg,0.72320,0.46922,0.22128,0.47052,0.22120,0.38859,0.71623,0.38795
945.jpg,0.76747,0.51742,0.38377,0.51099,0.37663,0.43639,0.76053,0.44435
946.jpg,0.72364,0.50024,0.35352,0.49073,0.34804,0.43571,0.71450,0.44564
947.jpg,0.63523,0.55469,0.36702,0.53902,0.36568,0.49338,0.62579,0.50498
948.jpg,0.67457,0.48282,0.26070,0.48630,0.25507,0.41784,0.66646,0.41899
949.jpg,0.65044,0.56478,0.36058,0.55949,0.35344,0.50716,0.64933,0.49971
950.jpg,0.56099,0.35927,0.35580,0.35468,0.36371,0.30633,0.57120,0.31096
951.jpg,0.63103,0.49036,0.40436,0.48745,0.40474,0.44853,0.62311,0.44912
952.jpg,0.82713,0.48265,0.51710,0.47662,0.52301,0.42403,0.82970,0.41828
953.jpg,0.52316,0.50820,0.20248,0.49658,0.19644,0.43906,0.50801,0.44663
954.jpg,0.60173,0.39800,0.39494,0.38225,0.39264,0.34326,0.58964,0.36084
955.jpg,0.59926,0.49282,0.33142,0.48658,0.33414,0.44065,0.59473,0.43671
956.jpg,0.65396,0.51153,0.36190,0.53105,0.36183,0.47816,0.65581,0.45942
957.jpg,0.66296,0.54145,0.42752,0.51408,0.42395,0.47348,0.65849,0.49136
958.jpg,0.62447,0.52629,0.33613,0.52098,0.33152,0.47758,0.61219,0.46887
959.jpg,0.68575,0.41081,0.27967,0.40480,0.27093,0.33258,0.67658,0.33696
960.jpg,0.59550,0.47864,0.35932,0.47833,0.35533,0.43449,0.59355,0.43337
961.jpg,0.73753,0.44230,0.37699,0.42386,0.37193,0.36061,0.72281,0.37984
962.jpg,0.70890,0.49303,0.25756,0.48297,0.24471,0.41796,0.69508,0.42598
963.jpg,0.69468,0.45898,0.17002,0.45789,0.16654,0.38674,0.68177,0.38272
964.jpg,0.74985,0.47578,0.46414,0.47661,0.45607,0.42510,0.75213,0.42170
965.jpg,0.56328,0.47381,0.19320,0.49006,0.18895,0.41978,0.56612,0.40658
966.jpg,0.72847,0.31995,0.51486,0.32040,0.51496,0.27351,0.73044,0.28004
967.jpg,0.76830,0.47674,0.53841,0.46649,0.53253,0.41794,0.76561,0.41877
968.jpg,0.75609,0.51619,0.23428,0.51802,0.22621,0.43519,0.75541,0.43022
969.jpg,0.66016,0.45891,0.39858,0.45717,0.39939,0.41320,0.65259,0.40735
970.jpg,0.70904,0.56295,0.36383,0.51566,0.35414,0.46913,0.69305,0.49800
971.jpg,0.45814,0.52970,0.11986,0.52931,0.11781,0.47693,0.44045,0.46976
972.jpg,0.67827,0.45419,0.45806,0.45354,0.45633,0.42038,0.67552,0.41887
973.jpg,0.59152,0.47485,0.33242,0.47206,0.32297,0.41987,0.58458,0.40576
974.jpg,0.51391,0.48703,0.26443,0.47974,0.25579,0.42723,0.50342,0.44242
975.jpg,0.68234,0.50760,0.38689,0.48041,0.37457,0.43124,0.66813,0.45226
976.jpg,0.75044,0.51915,0.33566,0.52114,0.34304,0.45864,0.75006,0.45910
977.jpg,0.72713,0.51251,0.36494,0.48224,0.35294,0.42604,0.71009,0.44837
978.jpg,0.63021,0.38359,0.29652,0.38710,0.29860,0.32677,0.63134,0.32721
979.jpg,0.73193,0.50974,0.39004,0.52242,0.39503,0.45227,0.72995,0.44195
980.jpg,0.66059,0.47224,0.43786,0.47444,0.43365,0.43357,0.66426,0.42316
981.jpg,0.62412,0.47566,0.35269,0.48733,0.35577,0.44107,0.62196,0.42562
982.jpg,0.64986,0.44710,0.31259,0.45128,0.31259,0.39254,0.64534,0.39402
983.jpg,0.81358,0.51596,0.21188,0.52997,0.20203,0.42929,0.80195,0.41764
984.jpg,0.78966,0.46400,0.28743,0.47471,0.28425,0.39957,0.78012,0.38774
985.jpg,0.44130,0.48275,0.18723,0.48383,0.18161,0.44735,0.43552,0.44401
986.jpg,0.59472,0.46058,0.30581,0.44498,0.30026,0.39807,0.59383,0.41126
987.jpg,0.54026,0.49784,0.14595,0.49134,0.14249,0.41830,0.54198,0.43615
988.jpg,0.81755,0.50877,0.50448,0.51317,0.49684,0.45429,0.81340,0.45461
989.jpg,0.65946,0.48141,0.33433,0.48548,0.33362,0.42521,0.65815,0.42354
990.jpg,0.66976,0.50484,0.38190,0.47648,0.36800,0.42905,0.65369,0.45199
991.jpg,0.79951,0.49283,0.48283,0.50794,0.48752,0.44497,0.79194,0.42721
992.jpg,0.58199,0.49391,0.32857,0.50443,0.33117,0.45337,0.57764,0.43977
993.jpg,0.70747,0.50797,0.31940,0.50504,0.31681,0.43798,0.69829,0.44407
994.jpg,0.76667,0.45056,0.41290,0.43360,0.40235,0.37572,0.75937,0.38512
995.jpg,0.58925,0.44585,0.39104,0.45123,0.39390,0.41183,0.58543,0.40417
996.jpg,0.76446,0.44998,0.43683,0.42805,0.42609,0.37112,0.75558,0.39029
997.jpg,0.74866,0.49122,0.18805,0.50022,0.18081,0.41870,0.73460,0.40771
998.jpg,0.44700,0.33469,0.14931,0.33379,0.14994,0.28154,0.44859,0.30812
999.jpg,0.68055,0.48994,0.24298,0.49932,0.23567,0.43218,0.66612,0.42430
